Name,Departments,Rating,Difficulty,Courses
"Abra, Gordon",Sociology; Communication,5,4.3,"SOC 172, COMM 164, SOC 173, COMM 176, COMM 150"
"Abu-Omar, Mahdi",Chemistry,5,2.8,"CHEM 173B, CHEM 2A, CHEM 2C, CHEM 2CC, CHEM 171"
"Ackert, Liz",Geography,4.9,3.1,"GEOG 5, GEOG 108, GEOG 254"
"Acosta-Alvear, Diego",Biology,2.6,4.2,"MCDB 108A, MCDB 223, MCDB 220B, MCDB 596, MCDB 199"
"Adams, Branden",History,4,2.9,"HIST 17A, HIST 177, HIST 167CB, HIST 178A, HIST 174B"
"Afary, Janet",Religion; Religious Studies; History,3.6,3.1,"RG ST 111, HIST 46MI, RG ST 112, RG ST 81, RG ST 181F"
"Afifi, Tammy",Communication,4.5,2.9,"COMM 124, COMM 151, COMM 199RA, COMM 251, COMM 224"
"Afifi, Walid",Communication,3.8,3.1,"COMM 89, COMM 111, COMM 168, COMM 107, COMM 160UC"
"Agboola, Adebisi",Mathematics,3.3,4.9,"MATH 3B, MATH 122A, MATH 108A, MATH 115A, MATH 8"
"Agrawal, Divyakant",Computer Science,3.1,3.5,"CMPSC 130A, CMPSC 24, CMPSC 174B, CMPSC 274, CMPSC 596"
"Ahmad, Ahmad",Religion; Religious Studies,3,3,"RG ST 2, RG ST 6, RG ST 125A, RG ST 119A, RG ST 119C"
"Ahuja, Amit",Political Science,4.1,3.5,"POL S 6, POL S 106MI, POL S 133, POL S 230, POL S 199RA"
"Akemann, Charles",Mathematics,2.4,4.1,"MATH 34A, MATH 34B, MATH 122A, MATH 118A, MATH 119A"
"Albada, Nicole",Psychology,5,3.5,"PSY 10A, PSY 10B, PSY 151, PSY W 1, PSY 160NA"
"Alessio, Paul",Geology,5,2.3,"EARTH 20, EARTHW 20, ENV S 134, EARTH 113, ENV S 113"
"Alizadeh, Mahnoosh",Electrical & Comp. Engineering,3.7,2.7,"ECE 10C, ECE 10CL, ECE 194B, ECE 240, ECE 594B"
"Alves, Jaime",Black Studies,2.8,3.6,"BL ST 2, BL ST 174, BL ST 117, BL ST 208, BL ST 190C"
"Amar, Paul",Global & International Studies; Literature,3.9,2.9,"GLOBL 120, GLOBL 162, C LIT 162, GLOBL 196, GLOBL 247"
"Amihay, Aryeh",Religion; Religious Studies,4.6,2.3,"RG ST 5, RG ST 26, RG ST 133C, RG ST 10, RG ST 133D"
"Ananth, Prabhanjan",Computer Science,3.5,4.3,"CMPSC 138, CMPSC 178, CMPSC 292G"
"Anders, Allison",Film,4.6,1.5,"FAMST 55BE, FAMST 55DD, FAMST 165DK, FAMST 188AU"
"Anderson, Kevin",Sociology,3.6,2.9,"SOC 185A, SOC 185M, SOC 130ME, SOC 130A, SOC 232"
"Anderson, Ohan",Geology,4.2,2,"EARTH 10, EARTH 123"
"Andrea, Bernadette",English; Literature,4.1,3.5,"C LIT 30B, ENGL 145, ENGL 165EM, ENGL 128ML, ENGL 197"
"Anyika, Mercy",Chemistry,3.8,4.3,"CHEM 1C, CHEM 25, CHEM 1B, CHEM 109B, CHEM 109A"
"Appel, Irwin",Theater,4.2,2.1,"THTR 188S, INT 35LT, INT 84CD, THTR 144A, THTR 144B"
"Arias, Carolina",Biology,4.2,3.2,"MCDB 134, MCDB 230, MCDB 134H, MCDB 218B, MCDB 218A"
"Armbruster-Sandoval, Ralph",Chicano Studies,4.4,2.5,"CH ST 1A, CH ST 168F, CH ST 175, CH ST 190, CH ST 169"
"Armistead, Katya",Education; Religion; Religious Studies,3.5,1.6,"ED 20, ED 118, ED 173, INT 102, RG ST 188B"
"Aronova, Elena",History,4.1,2.9,"HIST 20, HIST 105CW, HIST 107C, HIST 107S, HIST 201HS"
"Arya, Diana",Education,5,1.4,"ED 124, ED 139, ED 221A, ED 199, ED 221EE"
"Asche, Charles",Music,4.9,4.6,"MUS 33, MUS 133, MUS A 144, MUS A 244, MUS 220"
"Ashby, Frank",Psychology,5,4,"PSY 221B, PSY 265, PSY 221E, PSY 199, PSY 99"
"Athayde, Manaíra",History; Spanish,5,2,"LAIS 10, LAIS 101, LAIS 102, SPAN 107"
"Atzberger, Paul",Mathematics,2.8,2.9,"MATH 4B, MATH 104C, MATH 104B, MATH 104A, MATH 260HH"
"Avetisyan, Zhirayr",Mathematics,2,4.3,"MATH 6B, MATH 3A, MATH 119A, MATH 117, MATH 8"
"Awramik, Stanley",Geology,4,4,"EARTH 2, EARTH 30, EARTH 3, EARTH 199, EARTH 596"
"Azarenko, Olga",Biology,2.6,4.1,"MCDB 6, MCDB 126, MCDB 126B"
"Baillargeon, Katie",Writing,5,2.4,"WRIT 2, WRIT 107L, WRIT 109SS, WRIT 105R, WRIT 109HU"
"Baker, Andrew",Linguistics,4.8,2.5,"LING 3C, LING 3B, LING W 12, LING 12, LING 8"
"Baldwin, John",Sociology,3.9,3.8,"SOC 152A, SOC 142, SOC 152C, SOC 152B, SOC 142A"
"Baldwin, Janice",Sociology,4.3,3.3,"SOC 152A, SOC 152C, SOC 152B, SOC 199"
"Balkind, Jonathan",Computer Science,4.6,4,"CMPSC 154, CMPSC 254, CMPSC 196"
"Bambach, Paul",Music,4.3,1.7,"MUS A 34, MUS A 134, MUS 27B, MUS A 44, MUS A 234"
"Banks, Ingrid",Black Studies,3,5,"BL ST 1, BL ST 169BR, BL ST 190, BL ST 180, BL ST 190C"
"Bapat, Sudeep",Statistics,4.4,3,"PSTAT 126, PSTAT 122, PSTAT 120B, PSTAT 109, PSTAT 199"
"Barbieri-Low, Anthony",History,3.9,3.3,"HIST 2A, HIST W 80, HIST W 2A, HIST 184A, HIST 184E"
"Barnes, Damien",Philosophy,4.5,2.5,"PHIL 20A, PHIL 20C, PHIL 163, PHIL 164"
"Barnwell, Brendan",Linguistics,4,4,"LING 137, LING 127, LING 146, LING 110, LING 111"
"Barrage, Lint",Economics,2.1,4.5,"ECON 2, ECON 260J"
"Barrett, Thomas",Philosophy,5,3,"PHIL 3, PHIL 100F, PHIL 124A, PHIL 185, PHIL 299C"
"Bashi Treitler, Vilna",Black Studies,4,1.5,"BL ST 4, BL ST 137E, BL ST 155, BL ST 208"
"Batiste, Stephanie",English,2.7,3.9,"ENGL 191, ENGL 176ML, ENGL 109, ENGL 183WP, ENGL 197"
"beaman, jean",Sociology,2.9,3.1,"SOC 139RN, SOC 128, SOC 216D"
"Becker, Marc",Mathematics,3,3.8,"MATH 3B, MATH 6B, MATH 6A, MATH 2B, MATH 108A"
"Beckman, Laurel",Fine Arts,3.5,3.9,"ART 244, ART 113, ART 196"
"Bedard, Kelly",Economics,3.1,3.8,"ECON 1, ECON 9, ECON 95, ECON 191D, ECON 199RA"
"Begley, Matthew",Mechanical Engineering,5,2.5,"ME 156B, ME 186B, ME 275, MATRL 207, ME 225MB"
"Belding, Elizabeth",Computer Science,3.4,4.1,"CMPSC 176A, CMPSC 196, CMPSC 596"
"Bellomi, Jeffrey",Literature; Germanic & Russian Studies,5,2,"C LIT 30B, C LIT 113, C LIT 188, C LIT 101, C LIT 100"
"Beltz, Eric",Fine Arts,4.8,3.9,"ART 117, ART 118, ART 18, ART 591A"
"Beltz, Glenn",Mechanical Engineering,5,2.5,"ME 15, ME 14"
"Benelli, Cindy",Economics,3.3,3.3,"ECON 9, ECON 106, ECON 114A"
"Benzarti, Youssef",Economics,5,3.1,"ECON 1, ECON 10A, ECON 130, ECON 155, ECON 230F"
"Berenstein, David",Physics,3.5,2.5,"PHYS 6AL, PHYS 6CL, PHYS 6BL, PHYS 24, PHYS 110B"
"Bergstrom, Randy",History,4,3.1,"HIST 7, HIST 172B, HIST 172A, HIST 170A, HIST 170B"
"Bergstrom, Ted",Economics,2,3.6,"ECON 171, ECON 230A"
"Bernard, Michael",Theater,4.4,2.4,"THTR 140A, THTR 40, THTR 104C, THTR 194A, THTR 151C"
"Bernstein, Hilary",History,4.1,3.3,"HIST 4B, HIST 121D, HIST 121F, HIST 121C, HIST 121R"
"Bernt, Christopher",Chemistry,3.3,4,"CHEM 1AL, CHEM 1BL, CHEM 1CL, CHEM 1A, CHEM 1B"
"Beyeler, Michael",Psychology; Computer Science; Electrical & Comp. Engineering,5,2.3,"PSY 130, PSY 132, CMPSC 181, ECE 181, CMPSC 281B"
"Bibilashvili, Tengiz",Physics,5,4,"PHYS 20, PHYS 21, PHYS 119A, PHYS 25, PHYS 8"
"Bigelow, Stephen",Mathematics,3.3,2.6,"MATH 4A, MATH 108A, MATH 145, MATH 8, MATH 232A"
"Bimber, Bruce",Political Science,4.4,4,"POL S 12, POL S 172, POL S 178, POL S 106DI, POL S 267"
"Birchenall, Javier",Economics,2.5,3.6,"ECON 2, ECON 101, ECON 114B, ECON 204A, ECON 290"
"Birnir, Bjorn",Mathematics,2.6,3.1,"MATH 4A, MATH 122A, MATH 117, MATH 119A, MATH 124A"
"Blaes, Omer",Physics,4.6,3.5,"PHYS 104, PHYS 29, PHYS 102, PHYS 205, PHYS 210B"
"Blake, Felice",English,5,3,"ENGL 50, ENGL 191, ENGL 165PL, ENGL 134CR, ENGL 134AA"
"Blankholm, Joseph",Religion; Religious Studies,5,3.5,"RG ST 35, RG ST 13, RG ST 152, RG ST 201, RG ST 144A"
"Bloom, Peter",Film,2.9,3.9,"FAMST 150FT, FAMST 119ML, INT 36IA, FAMST 250, FAMST 220"
"Blumenthal, Debra",History,2.8,3,"HIST 118B, HIST 118A, HIST 117C, HIST 130, HIST 9"
"Blurton, Heather",English,3.5,2.9,"ENGL 101, INT 36MM, ENGL 197, INT 84AW, ENGL 101S"
"Bobo, Jacqueline",Feminist Studies,4,2.4,"FEMST 40, FEMST 144, FEMST 142, FEMST 143"
"Boddy, Amy",Anthropology,5,2.3,"ANTH 171, ANTH 177AB, ANTH 150, ANTH 9, ANTH 203"
"Bogart, Karen",Business,4,3,"TMP 120, TMP 124, TMP 402, TMP 240, TMP 244"
"Bohn, Henning",Economics,3.4,3.2,"ECON 135, ECON 133, ECON 204A"
"Boscagli, Maurizia",English,3.8,3.4,"ENGL 104B, ENGL 122CS, ENGL 122UE, ENGL 184, ENGL 197"
"Bothra, Shivani",Religion; Religious Studies,5,3,"RG ST 20, RG ST 190NV, RG ST 11A, RG ST 162D, RG ST 11C"
"Bouley, Brad",History,4.9,3,"HIST 4B, HIST 121A, HIST 106B, HIST W 121A, HIST W 4B"
"Bourne, Janet",Music,5,3,"INT 137RS, MUS 160A, MUS 260G, MUS 273, MUS 99"
"Bouwmeester, Dirk",Physics,2.8,4.3,"PHYS 2, PHYS 123A, PHYS 250, PHYS 199"
"Bowers, Joe",Electrical & Comp. Engineering; Business,3.3,3.4,"TMP 242, ECE 228A"
"Bowers, Mike",Chemistry,1.6,4.3,"CHEM 113B, CHEM 113C, CHEM 113A, CHEM 596"
"Bowman, Ingrid",Linguistics,3.5,4,"LING 12, LING 3C, LING 10, LING 8"
"Brainin, Risa",Theater,4.8,2.8,"INT 36TS, THTR 152A, THTR 15A, THTR 151D, THTR 151C"
"Brecher, Benjamin",Music,2.5,3.5,"MUS 20A, MUS 20C, MUS 20B, MUS A 38, MUS A 238P"
"Bremser, Charlotte",Theater; Asian American Studies; Fine Arts,5,2.4,"THTR 9, DANCE 145G, THTR 5, AS AM 142, THTR 2C"
"Brenner, Mary",Education,4,3.5,"ED 124, ED 221B, ED 205, ED 199"
"Brewer, Forrest",Electrical & Comp. Engineering; Computer Science,2.6,4.3,"ECE 153A, ECE 253, ECE 594BB, ECE 224A, CMPSC 153A"
"Bridges, Tristan",Sociology,5,4,"SOC 146, SOC 159M, SOC 185G, SOC 245D"
"Briggs, Cherie",Biology,4.3,2.6,"EEMB 146, EEMB W 146, EEMB 194BC, EEMB 247, EEMB 595TE"
"Brightbill, Jeremy",Mathematics,4.5,4.1,"MATH 111A, MATH 108A, MATH 8, MATH 111B"
"Brown, Frank",Chemistry; Chemical Engineering; Physics,2.6,3.8,"CHEM 112A, PHYS 119B, CHEM 112B, CHEM 112C, PHYS 219"
"Brown, Kara Mae",Writing,4.6,3.6,"WRIT W 107WC, WRIT 2, WRIT 107WC, WRIT 105C, INT 36BH"
"Brown, Michelle",Anthropology,2.5,4.5,"ANTH 153T, ANTH 103, ANTH 123, ANTH 241A, ANTH 241B"
"Browning, Randalyn",Writing,4.3,2.8,"WRIT 2, WRIT 109ED, WRIT 2LK, WRIT 105C, WRIT 109GS"
"Bruhn, Kathleen",Political Science,3.8,3.8,"POL S 6, POL S 147, POL S 594II, POL S 197C, POL S 236"
"Brusutti, Anna",Film,4,3,"FAMST 46, FAMST 101B, FAMST 155CN, FAMST 122NI, FAMST 169"
"Bultan, Tevfik",Computer Science,2.9,3.7,"CMPSC 32, CMPSC 40, CMPSC 189B, CMPSC 267, CMPSC 292G"
"Buratto, Steve",Chemistry,4.1,3.2,"CHEM 116AL, CHEM 150, CHEM 113A, CHEM 112B, CHEM 118"
"Busto, Rudy",Religion; Religious Studies; Asian American Studies,4.4,2.2,"RG ST 71, AS AM 71, RG ST 191A, RG ST 190FC, RG ST 110F"
"Butler, Alison",Chemistry,3.1,4.1,"CHEM 171, CHEM 290, CHEM 596, CHEM 199"
"Byl, Katie",Mechanical Engineering; Electrical & Comp. Engineering; Physics,3.1,3.8,"ECE 130C, ECE 594D, ECE 147B, ECE 183, PHYS 106"
"Cabezon, Jose",Religion; Religious Studies,4.5,2.6,"RG ST 31, RG ST 257, RG ST 135, RG ST 254A"
"Campagnari, Claudio",Physics,3.4,3.1,"PHYS 6CL, PHYS 6AL, PHYS 6BL, PHYS 29, PHYS 115B"
"Campbell, Eric",Linguistics,3.6,3.3,"LING 109, LING 115, LING 221C, LING 191, LING 595"
"Campo, Juan",Religion; Religious Studies,3.5,3.4,"RG ST 185, RG ST 140D, RG ST 140B, RG ST 140C, RG ST 140F"
"Cantrell, Akiyo",Languages; East Asian Languages & Cultures,4,2.9,"JAPAN 3, JAPAN 1, JAPAN 5, JAPAN 4, JAPAN 2"
"Capettini, Emilio",Classics; Classics,4,3,"CLASS 109, GREEK 1, CLASS 180A, CLASS 185, GREEK 210"
"Carlson, Craig",Biology,4.4,3,"EEMB 3, EEMB 142B, EEMB 144, EEMB 144L, EEMB 595MS"
"Carlson, Julie",English,4,2.6,"ENGL 103B, ENGL 170TL, ENGL 179, ENGL 170IC, ENGL 233"
"Carlson, Jean",Physics,3,4,"PHYS 101, PHYS 100A, PHYS 100B"
"Carlson, Tom",Religion; Religious Studies,4.1,4.5,"RG ST 80C, RG ST 200B, RG ST 190TC, RG ST 223, RG ST 594C"
"Carter, Andrew",Statistics,3.1,3,"PSTAT 122, PSTAT 105, PSTAT 175, PSTAT 207A, PSTAT 207B"
"Case, Sarah",History; Feminist Studies,3.5,3.1,"HIST 159B, HIST 159C, HIST 159R, FEMST 159B, FEMST 159C"
"Casillas, Dolores",Chicano Studies; Linguistics,4.6,2.5,"CH ST 1C, LING 187, CH ST 187, CH ST 238, CH ST 199"
"Cassels, Susan",Geography,3.2,2.9,"GEOG 6, GEOG 141A, GEOG 152, GEOG 254, GEOG 288SC"
"Cast, Alicia",Sociology,5,3,"SOC 149, SOC 147, SOC 154A, SOC 108"
"Casteels, Karel",Mathematics,4.9,3,"MATH 3A, MATH 108A, MATH 108B, MATH 137A, MATH 117"
"Castillo-Munoz, Veronica",History,2.3,3.1,"HIST 56, HIST 168A, HIST 168B, HIST 136M, HIST 168CR"
"Caylor, Kelly",Geography; Environmental Science & Mgmt.,1,3,"ESM 203, GEOG 136, ESM 401C, ESM 401D, ESM 401A"
"Ceniceros, Hector",Mathematics; Electrical & Comp. Engineering,3.3,3,"MATH 3B, MATH 6A, MATH 104B, MATH 122A, MATH 104A"
"Cerezo, Alison",Psychology,4,2,"CNCSP 102, CNCSP 200, CNCSP 261A"
"Chada, Joe",Chemical Engineering,4.6,3.6,"CH E 152A, CH E 5, CH E 128, CH E 180B, CH E 184A"
"Chajdas, Tymoteusz",Writing; Global & International Studies,3.8,3.4,"GLOBL 157, INT 93LS, WRIT 2"
"Chandrasekaran, Shiv",Mechanical Engineering; Mathematics; Electrical & Comp. Engineering; Computer Science,4.4,3.2,"ECE 210A, ECE 130C, ECE 130B, CMPSC 211A, ECE 130A"
"Chang, Alenda",Film,2.8,4.3,"FAMST 192DT, FAMST 101D, FAMST 189SW, FAMST 166GG, FAMST 189MM"
"Chang, Shiyu",Computer Science,5,2,"CMPSC 291A, CMPSC 165B, CMPSC 196"
"Charness, Gary",Economics,3.1,2.9,"ECON 174, ECON 176"
"Chattopadhyaya, Utathya",History,3.6,4.1,"HIST 88, HIST 189M, HIST 9, INT 84CX, HIST 282G"
"Chattopadhyay, Swati",Art History,3.8,3.5,"ARTHI 5A, ARTHI 136A, ARTHI 136I, ARTHI 186SS, ARTHI 200A"
"Chen, Eric",Mathematics,3.9,3.5,"MATH 4A, MATH 6A, MATH 117"
"Chen, Huachen",Mathematics,3.8,2.9,"MATH 6A, MATH 4B, MATH 3B, MATH 117, MATH 108B"
"Chen, Irene",Chemistry,2.7,3.3,"BMSE 201B, CHEM 259, BMSE 596, CHEM 596, CHEM 199"
"Chen, Shu-Chuan (Bella)",Languages,4.9,2.4,"CHIN 1, CHIN 2, CHIN 3, CHIN 4, CHIN 6"
"Chen, Tao",Statistics,4,3.7,"PSTAT 160A, PSTAT 171, PSTAT 170, PSTAT 276, PSTAT 176"
"Chikowero, Mhoze",History; Black Studies,3.4,3,"HIST 49C, HIST 49A, HIST 49B, HIST 148B, HIST 148PL"
"Chmelka, Bradley",Chemical Engineering,3.4,3.4,"CH E 140B, CH E 120B, CH E 128, CH E 152A, CH E 216A"
"Cho, Alexander",Asian American Studies,5,2,"AS AM 8, AS AM 118, AS AM 127, AS AM 138, AS AM 171BB"
"Cho, Gunhee",Mathematics,4.4,3.1,"MATH 4B, MATH 6A, MATH 6B, MATH 8, MATH 147A"
"Choi, Eunjin",Languages; East Asian Languages & Cultures,4,2.8,"KOR 120, KOR 142, KOR 175, KOR 20, KOR 139"
"Christoffersen, Rolf",Biology,3.3,3.9,"MCDB 1A, MCDB 1LL, MCDB 101B, MCDB 28, MCDB 220C"
"Chu, Vena",Geography,5,3,"GEOG W 12, GEOG 148, GEOG 115A, GEOG 113, GEOG 115B"
"Clark, Jordan",Geology,2.6,3.6,"ENV S 147, EARTH 168, ENV S 141, ENV S 168, EARTH 125"
"Clarke, Keith",Geography,3.4,2.6,"GEOG W 12, GEOG 183, GEOG 126, GEOG 596"
"Clegg, Dennis",Biology,4.3,4,"MCDB 1A, MCDB 146, MCDB 199, BMSE 596"
"Clemencon, Raymond",Sociology; Global & International Studies,4.4,3.8,"SOC 134G, GLOBL 161, GLOBL 172, SOC 105E"
"Coburn, Katie",Statistics,4,3.3,"PSTAT 120A, PSTAT 120B, PSTAT 131, PSTAT 120C, PSTAT 231"
"Coggins, Bridget",Political Science,2.9,3.8,"POL S 7, POL S 141, POL S 225, POL S 594CW"
"Cohen, Benjamin",Political Science; Global & International Studies,4.4,3.4,"POL S 186, POL S 106MO, GLOBL 123, POL S 270, POL S 273"
"Colahan, Nancy",Fine Arts,4.5,3.8,"DANCE 56D, DANCE 56B, DANCE 56A, DANCE 156B, DANCE 156A"
"Collins, Nancy",Psychology,4.8,2.3,"PSY 221C, PSY 221A, PSY 199, PSY 99"
"Conrad, Phill",Computer Science,5,2.3,"CMPSC 16, CMPSCW 8, CMPSC 56, CMPSC 48, CMPSC 156"
"Conroy-Beam, Daniel",Psychology,4.5,3.1,"PSY 143, PSY 10B, PSY 90B, PSY 90A, PSY 90C"
"Cook, Elizabeth",English; Literature,4.3,3,"ENGL 102, ENGL 128EN, ENGL 197, ENGL 102S, ENGL 199RA"
"Cooley, Tim",Music,3.1,2.8,"MUS 175L, MUS 176, MUS 225, MUS 192B, MUS 192A"
"Cooper, Daryl",Mathematics,5,3,"MATH 34A, MATH 34B, MATH 227C, MATH 221B, MATH 221A"
"Corona, Keith",Linguistics,4.9,2.5,"LING 3C, LING W 3C, LING 12, LING W 12, LING 3B"
"Cosmides, Leda",Psychology,3.5,2.9,"PSY 155, PSY 142, PSY 594LC, PSY 254, PSY 199"
"Cotich, Craig",Writing,4.5,3.1,"WRIT 151A, WRIT 151B, WRIT 105G, WRIT 1, WRIT 105PS"
"Covo, Manuel",History,3.6,3,"HIST 4C, HIST 127F, HIST 127A, HIST 193C, HIST 123R"
"Craig, Katy",Mathematics,3.6,4,"MATH 6B, MATH 117, MATH 201A, MATH 260J, MATH 260L"
"Craig, Nathaniel",Physics,4.3,4.3,"PHYS 115B, PHYS 115C, PHYS 229A, PHYS 221C, PHYS 229B"
"Crickette, Maria",French & Italian,5,2.6,"ITAL 2, ITAL 3, ITAL 1, ITAL 1HY, ITAL 4"
"D'Anca, Christene",Writing; Literature,5,3,"WRIT 2, C LIT 30A"
"D'Antonio, Carla",Biology,4.6,2.4,"ENV S 128, EEMB 128, ENV S 193FE, EEMB 595D, EEMB 194D"
"Dai, Xianzhe",Mathematics,2.9,3.3,"MATH 147A, MATH 108B, MATH 8, MATH 260EE, MATH 240A"
"Daly, Samantha",Mechanical Engineering,3.8,3.8,"ME 14, ME 125FA, ME 166"
"Damluji, Mona",Film,3.9,3.6,"FAMST 96, FAMST 166CC, FAMST 187IS, FAMST 187OC, INT 594EJ"
"Daniel, Reginald",Sociology,4,3.4,"SOC 185D, SOC 139C, SOC 139A, SOC 139RN, SOC 214A"
"Dasgupta, Debanuj",Feminist Studies,4,2.9,"FEMST 20, FEMST 162, FEMST 151AA, FEMST 163, FEMST 250AI"
"Davison, Raziel",Anthropology,4.9,3,"ANTH 5, ANTH 7, ANTH 145, ANTH 9"
"De Carvalho, Leila",Geography,3.5,1,"GEOG 110, GEOG 131, GEOG 280, GEOG 276, GEOG 288LC"
"De Chaisemartin, Clement",Economics,4.3,3.7,"ECON 140A, ECON 241C, ECON 245F, ECON 245G"
"Dean, Christopher",Writing,5,2,"WRIT 109ED, WRIT 1, WRIT 105M, WRIT 50, WRIT 105CW"
"Delombard, Jeannine",English; Religion; Religious Studies,2.8,4.5,"ENGL 103A, ENGL 37, RG ST 37, ENGL 131, ENGL 131BR"
"Deschenes, Olivier",Economics; Environmental Science & Mgmt.,4.6,4,"ECON 10A, ECON 140B, EDS 241, ESM 246, ECON 260H"
"Deshmukh, Ranjit",Environmental Science & Mgmt.,3.9,3,"ENV S 115, ENV S 105, ESM 293, ENV S 199RA"
"Detering, Nils",Statistics,3.1,4.3,"PSTAT 160A, PSTAT 213A, PSTAT 210, PSTAT 223C"
"Devries, Timothy",Geography,4.6,2.4,"GEOG 3, GEOG 163, GEOG 166, GEOG 210A, GEOG 271"
"Dewar, Tim",Education,5,2,"ED 258J, ED E 321"
"Dey, Siddharth",Chemical Engineering; Bioengineering,2.8,3.2,"CH E 107, CH E 120A, CH E 120C, CH E 154, BIOE 220A"
"Diaz Sanchez, Micaela",Chicano Studies,2.9,2.5,"CH ST 1B, CH ST 148, CH ST 188C, CH ST 156, CH ST 200B"
"Digeser, Elizabeth",History,3.6,4.3,"HIST 2A, HIST 4A, HIST 114A, HIST 112E, HIST 9"
"Digeser, Paige",Political Science,4,4,"POL S 119JW, POL S 119HR, POL S 119DJ, POL S 241, POL S 199"
"Ding, Qinghua",Geography,4.8,2,"GEOG 3, GEOG 119, GEOG 210C, GEOG 249, GEOG 266"
"Ding, Yufei",Computer Science,1.8,3.5,"CMPSC 160, CMPSC 293S, CMPSC 596"
"Dodge, Somayeh",Geography,4.1,3.3,"GEOG W 12, GEOG 176A, GEOG 176C, GEOG 288SD, GEOG 195SD"
"Dogic, Zvonimir",Physics,3.1,3.9,"PHYS 3, PHYS 6CL, PHYS 6BL, BMSE 224, PHYS 199"
"Doherty, Michael",Chemical Engineering,4,4.2,"CH E 184B, CH E 184A, CH E 210A, CH E 230C"
"Donelan, James",Writing; English,4.4,3.8,"ENGL 102, ENGL 179, WRIT 2, WRIT 107L, WRIT 109V"
"Donnelly, Brian",English,5,3,"ENGL 10, ENGL 192SF, ENGL 192DF, ENGL 103B, ENGL 165PP"
"Douglass, Jeremy",English,3.5,2.8,"ENGL 147AB, ENGL 146GB, ENGL 147VN, ENGL 149, INT 36GS"
"Doyle, Adele",Biology; Mechanical Engineering,1.3,3.7,"ME 15, ENGR 220A, MCDB 596, MCDB 199"
"Dressaire, Emilie",Mechanical Engineering,5,2.8,"ME 152A, ME 125ED, ME 221, ME 199"
"Driskel, Dana",Film,4.4,3.6,"FAMSTW 151FA, FAMST 187AR, FAMST 199"
"Duffy, A",English,5,1,"ENGL 150, ENGL 124, ENGL 193, ENGL 104B, ENGL 187ML"
"Dunbar, Norah",Communication,4.4,3.1,"COMM 107, COMM W 146, COMM W 107, COMM 199RA"
"Duncan, Ian",Statistics,3,4.3,"PSTAT 172A, PSTAT 171, PSTAT 172B, PSTAT 296B, PSTAT 296A"
"Dunn, Francis",Classics; Literature; Classics,3.9,2.8,"CLASS 40, CLASS 60, C LIT 30A, CLASS 175, GREEK 2"
"Duoer, Daigengna",Religion; Religious Studies; Languages; East Asian Languages & Cultures,5,2.3,"RG ST 73, JAPAN 73, RG ST 21, RG ST 190DM"
"Duque, Jason",Education,3.1,3.3,"ED W 125, ED 123, ED 125, ED 150, ED 263"
"Dutsch, Dorota",Classics; Classics; Classics,4.3,2.9,"CLASS 106, LATIN 1, INT 84AM, LATIN 214, GREEK 102"
"Eardley, Douglas",Physics,4.3,1.3,"PHYS 110B, PHYS 24, PHYS 210A, PHYS 210B, PHYS 205"
"Ebenstein, Alan",Economics,3.1,3,"ECON 107A, ECON 112A, ECON 113B, ECON 107B"
"Ebrahim, Ebrahim",Mathematics,3.7,3.2,"MATH 4B, MATH 118A, MATH 118B, MATH 122A, MATH 8"
"Eckstein, Miguel",Psychology,4.5,3,"PSY 130, PSY 129L, PSY 199, PSY 228, PSY 594ME"
"Edgar, Adrienne",History,3.3,2.9,"HIST 4C, HIST 135C, HIST 123C, HIST 135B, HIST 123Q"
"Eilon, Zachary",Geology,4.8,3.3,"EARTH 2, EARTH 175, EARTH 194ML, EARTH 133, EARTH 256"
"Ek, Auli",Writing,3.3,2.5,"WRIT 2, WRIT 107B, WRIT 107EP"
"El Abbadi, Amr",Computer Science,4.4,3.3,"CMPSC 171, CMPSC 138, CMPSC 130A, CMPSC 271, CMPSC 192"
"Elison, William",Religion; Religious Studies; History; Anthropology,4.8,2.8,"RG ST 28, HIST 28, RG ST 16, RG ST 162G, INT 36CC"
"Elizondo, Sonny",Philosophy,5,3.3,"PHIL 100A, PHIL 150A, PHIL 138, PHIL 141, PHIL 166A"
"Engel, Emily",History,2.3,3.2,"LAIS 10, LAIS 102"
"Erickson, Brice",Classics; Classics,4.8,2.8,"CLASS 40, CLASS 170, CLASS 50, CLASS 165, CLASS 155"
"Ernst, Brian",Writing,5,2.1,"WRIT 1, WRIT 2, WRIT 107B, WRIT 105R, WRIT 105CD"
"Esponda, Ignacio",Economics,5,2.9,"ECON 171, ECON 156, ECON 210A, ECON 215G, ECON 199"
"Evans, Marshall",Religion; Religious Studies; Classics,5,3,"CLASS 40, RG ST 128A, RG ST 116A, RG ST 127A"
"Evelyn, Christopher",Biology,3.3,3.4,"EEMB 113, EEMB 131, EEMB 113L"
"Even, Thomas",Biology,5,3,"EEMB 2, EEMB 2LL, EEMB 142A, EEMB 148, EEMB W 22"
"Falasca, Simonetta",Sociology,4,3.3,"SOC 118CW, SOC 185F, SOC 218CP, SOC 218C"
"Falvey, Kevin",Philosophy,3,3.3,"PHIL 100E, PHIL 100B, PHIL 149, PHIL 100D, PHIL 150D"
"Fancher, Patricia",Writing,4,3.4,"WRIT 109ST, WRIT 105M, WRIT 105R, WRIT 109GS, WRIT 2"
"Feinstein, Stuart",Biology,5,3.3,"MCDB 1A, MCDB 1LL, MCDB 153, MCDB 153H, MCDB 596"
"Felando, Cynthia",Film,3,3.8,"FAMST 101A, FAMST 155NH, FAMST 101E, FAMST 56ZM, FAMST 96"
"Feldman, Leslie J.",Business,2.9,3.6,"TMP 120, TMP 491P"
"Feldman, Raisa",Statistics,3.3,3,"PSTAT 174, PSTAT 213A, PSTAT 213B, PSTAT 213C, PSTAT 274"
"Feldwinn, Darby",Chemistry; Education,3.3,4.5,"CHEM 1A, CHEM 1B, CHEM 1BL, CHEM 1C, ED 129"
"Felix, Erika",Psychology,3.5,3.4,"CNCSP 114, CNCSP 197, CNCSP 291C, CNCSP 262C, CNCSP 199RA"
"Feng, Yu",Computer Science,2.9,4.5,"CMPSC 160, CMPSC 162, CMPSC 292C, CMPSC 190I, CMPSC 596"
"Fernandez, Patricio",Philosophy,3.4,3.5,"PHIL 100A, PHIL 141, PHIL 147, PHIL 176, PHIL 247"
"Figueredo, Omar",Spanish,4,3,"SPAN 30, SPAN 1, SPAN 5, SPAN 2, SPAN 6"
"Finkelstein, Ruth",Biology,2.2,4.4,"MCDB 1LL, MCDB 1B, MCDB 118, MCDB 225, MCDB 224"
"Fitch, Rob",Biology,4.5,3.9,"EEMB 128, ENV S 128"
"Flanagin, Andrew",Communication,3.8,4.3,"COMM 118, COMM 116, COMM 214, COMM 199RA"
"Foltz, Kathy",Biology,5,3.5,"MCDB 135, MCDB 260, MCDB 112L, MCDB 135H, MCDB 220A"
"Fontaine, Sam",Political Science,5,2,"POL S 153, POL S 157, POL S 152"
"Foran, John",Sociology,5,2.5,"SOC 134EC, SOC 134A, ENV S 130EV, SOC 130EV, SOC 130SD"
"Ford, Katerina",Psychology,2,4.1,"PSY 102, PSY 149, PSY 120L"
"Ford, Peter",Chemistry,2,4.5,"CHEM 173B, CHEM 279, CHEM 272, CHEM 176, CHEM 276"
"Frank, Daniel",Writing,5,2.8,"WRIT 107T, WRIT 105M, WRIT 2E, WRIT 2, WRIT 50"
"Franks, Alexander",Statistics; Computer Science,5,3.3,"PSTAT 115, PSTAT 195, PSTAT 197B, PSTAT 197C, CMPSC 190DE"
"Fredrickson, Glenn",Chemical Engineering,4.5,3.8,"CH E 210A, CH E 230B, CH E 210B, CH E 132A"
"Freeman, Laurie",Political Science,2.3,2.7,"POL S 6, POL S 135, POL S 173, POL S 106EA, POL S 196"
"Freund, Ernest",Physics,4.3,2.9,"PHYS 6B, PHYS 6A, PHYS 6C"
"Fridlund, Alan",Psychology,4.9,4,"PSY 1, PSY 183"
"Froehlich, Halley",Biology,5,2,"ENV S 130C, EEMB 142C, EEMB 130C, EEMB 142CL"
"Fruhstuck, Sabine",Ethnic Studies; Languages; East Asian Languages & Cultures; History; Anthropology,3.8,3,"EACS 4B, ANTH 176, JAPAN 162, EACS 166, HIST 188S"
"Fulkerson, Scott",Economics,4.5,4.3,"ECON 3B, ECON 136A, ECON 132A, ECON 118"
"Fygenson, Deborah",Physics,2.1,4.3,"PHYS 3L, PHYS 20AL, PHYS 4L, PHYS 20BL, PHYS 20CL"
"Gable, Shelly",Psychology,4.5,2.5,"PSY 1, PSY 102, PSY 149, PSY 199"
"Gabriel, Viktoria",Germanic & Russian Studies,2.5,3.6,"GER 1, GER 3, GER 2, GER 5, GER 4"
"Gabriele, Guy",Business,5,2.4,TMP 124
"Gainer, Morgan",Chemistry,4.4,5,"CHEM 6AL, CHEM 109A, CHEM 6BL, CHEM 109C, CHEM 109B"
"Gallucci, Ralph",Classics,4.3,2,"INT 95A, CLASS 40, CLASS 20B, CLASS 36, CLASS 20A"
"Gans, Phil",Geology,3.8,4.4,"EARTH 103, EARTH 186, EARTH 158, EARTH 185, EARTH 596"
"Garcia, Mario",Chicano Studies,4.3,2.5,"CH ST 1A, CH ST 168E, CH ST 168B, CH ST 168I, CH ST 200A"
"Garcia-Martinez, Marc",Chicano Studies,3.7,2.6,"CH ST 1C, CH ST 146, CH ST 180, CH ST 174A, CH ST 182"
"Garfield, Peter",Mathematics,4.5,4.3,"MATH 4A, MATH 34B, MATH 34A, MATH 4B, MATH 6A"
"Garr, W.Randall",Religion; Religious Studies,5,3,"RG ST 115A, RG ST 129, RG ST 115G, RG ST 17A"
"Garratt, Rod",Economics,4.4,3,"ECON 1, ECON 135, ECON 177, ECON 290, ECON 215E"
"Gaulin, Steven",Anthropology,4,4.3,"ANTH 5, ANTH 151T, ANTH 244, ANTH 199RA, ANTH 596"
"Geller, Robert",Physics; Physics,3.9,3.8,"PHYS 6A, PHYS 6C, PHYS 6B, ASTRO 1, PHYS 1"
"Genova, Gina",Writing,4.6,3.3,"WRIT 107L, WRIT 157A, WRIT 107B, WRIT 105PS, WRIT 162"
"Ghosh, Bishnupriya",Global & International Studies; English,4,2.3,"ENGL 10, GLOBL 1, GLOBL 157, ENGL 147GM, ENGL 10S"
"Gibbs, Jennifer",Communication,5,2.8,"COMM 183, COMM 136, COMM 181A, COMM 180, COMM 280"
"Gibou, Frederic",Computer Science; Mechanical Engineering,4,2.6,"CMPSC 111, ME 17, CMPSC 596"
"Gidding, Aaron",Anthropology; Art History,3.3,3.3,"ANTH 197BA, ANTH 118TS, ANTH 197GI, ANTH 197DB, ARTHI 293D"
"Giddings, Steve",Physics,3.5,3.6,"PHYS 131, PHYS 215A, PHYS 221B, PHYS 221A, PHYS 221C"
"Giesbrecht, Barry",Psychology,4.4,2.9,"PSY 163BG, PSY 118L, PSY 233, PSY 594BG, PSY 234"
"Gilbert, John",Computer Science,4,2.4,"CMPSC 111, CMPSC 292F, CMPSC 192, CMPSC 196"
"Gilmore, Timothy",English,3,2.8,"ENGL 10, ENGL 103B, ENGL 102, ENGL 122NE, ENGL 122UM"
"Goard, Michael",Psychology; Biology,4.9,4,"MCDB 151, PSY 163MG, PSY 161, PSY 594SC, PSY 591MG"
"Goddard, Tug",Languages; East Asian Languages & Cultures,1.3,3.6,"JAPAN 112, JAPAN 159, JAPAN 115, JAPAN 180ET, JAPAN 144"
"Gonzales, Amy",Communication,3.1,3.6,"COMM 88, COMM 101, COMM 184, COMM 186, COMM 160DD"
"Gonzalez, Nino",Biology,2.8,4.4,"MCDB 1B, MCDB 1A, MCDB 101A, MCDB 92, MCDB 194D"
"Goodearl, Ken",Mathematics,4.4,3,"MATH 4A, MATH 111A, MATH 117, MATH 108B, MATH 236A"
"Goodwin, Jon",Psychology,5,1.6,"CNCSP 101, CNCSP 110, CNCSP 216, CNCSP 256, CNCSP 257B"
"Gopalan, Giri",Statistics,4.8,2.3,"PSTAT 120B, PSTAT 120C, PSTAT 174, PSTAT 131, PSTAT 231"
"Gordon, Michael",Chemistry; Chemical Engineering,4.9,3.4,"CH E 110A, CH E 10, CH E 180B, CH E 166, CH E 266"
"Goulias, Kostas",Geography,4.4,1.5,"GEOG 111C, GEOG 111A, GEOG 111B, GEOG 211A, GEOG 596"
"Graves, Gregory",History,4.3,2.4,"ENV S 176A, ENV S 173, HIST 177, HIST 173T"
"Griffin, Andrew",English,5,3.5,"ENGL 10, ENGL 10S, ENGL 231"
"Griffith, Brian",History,5,2.9,"HIST 193F, HIST 123B, HIST 201DH"
"Grippo, Jim",Music,3.2,2.7,"MUS 122O, MUS 22O"
"Gross, Steven",Music,4.3,3.6,"MUS 28A, MUS A 45H, MUS A 145, MUS A 145H, MUS A 44"
"Grover, Susan",Economics,4.4,3.8,"ECON 137A, ECON 136A, ECON 194DG"
"Grue, Michelle",Writing,5,2,"WRIT 1, WRIT 109GS, WRIT 2, WRIT 105M, WRIT W 109ST"
"Gu, Mengyang Micheal",Statistics,3.6,3.5,"PSTAT 120C, PSTAT 220C, PSTAT 262UQ, PSTAT 262DS, PSTAT 237"
"Guan, Daoxiong",Languages,5,2,"CHIN 1, CHIN 3, CHIN 2, CHIN 125, CHIN 1NH"
"Gupta, Arpit",Computer Science,2,3,"CMPSC 176C, CMPSC 176B, CMPSC 293N, CMPSC 196, CMPSC 596"
"Gupta, Trinabh",Computer Science,1.8,4.4,"CMPSC 170, CMPSC 178, CMPSC 293G"
"Guruswamy, Sathya",Physics,3.3,3.8,"PHYS 23, PHYS 101, PHYS 100A, PHYS 98, PHYS 180"
"Gurven, Michael",Anthropology,3.5,4,"ANTH 129MG, ANTH 161, ANTH 169, ANTH 199RA, ANTH 205"
"Gutiérrez-Magallanes, Dr. Coco",Feminist Studies; Chicano Studies,2.4,1.8,"FEMST 50, CH ST 151, CH ST 1C, CH ST 181, CH ST 143"
"Guyton Acosta, Kiley",Spanish; English,5,2.3,"SPAN W 2, SPAN 3, SPAN 16A, SPAN 139, SPAN W 1"
"Haber, Baron",English,4.8,2.1,"ENGL 193, ENGL 122ME, ENGL 10, ENGL 193S"
"Hai, Yang",Chemistry,4.5,3.5,"CHEM 142A, CHEM 112L, CHEM 293, CHEM 259, CHEM 181"
"Hajda, John",Psychology; Film; Music,3.3,3.2,"PSY 131, MUS 160F, FAMST 184"
"Halmrast, Daniel",Mathematics,5,3,"MATH 4B, MATH 6B, MATH 6A"
"Hamilton, Kristy",Communication,3.5,2.5,"COMM 166, COMM 87, COMM 160DM, COMM 204A"
"Hammer, Leslie",Writing,4.5,3.1,"WRIT 1, WRIT 2, WRIT 109SS, WRIT 109HU, WRIT 109CS"
"Han, Song-I",Chemistry; Chemical Engineering,2.5,4.1,"CHEM 112A, CH E 110B, CHEM 112C, CH E 594, CHEM 219"
"Hansen, Gary",Business,3.2,3.4,"TMP 412, TMP 240, TMP 491P"
"Hanser, Matthew",Philosophy,3.8,3.1,"PHIL 100A, PHIL 144, PHIL 131, PHIL 296A, PHIL 231G"
"Hanson, Jeffrey",Writing,5,3,"WRIT 2, WRIT 105PS, WRIT 107G"
"Hardekopf, Ben",Computer Science,5,3.3,"CMPSC 138, CMPSC 32, CMPSC 160, CMPSC 40, CMPSC 293C"
"Harmon, C J",Economics,3.5,3.3,"ECON 139, ECON 136B, ECON 136A, ECON 136C, ECON 3A"
"Harris, Deborah",Writing,5,2.3,"WRIT 2, WRIT 105R, WRIT 109HP, WRIT 109V, WRIT 109F"
"Hartman, John",Economics; Statistics,2.5,3.9,"ECON 10A, ECON 134A, ECON 5, PSTAT 109"
"Harutyunyan, Davit",Mathematics,4.4,3.8,"MATH 122A, MATH 108B, MATH 8, MATH 201A, MATH 201B"
"Hashimoto, Kumi",Languages; East Asian Languages & Cultures,5,2.9,"JAPAN 1, JAPAN 2, JAPAN 3"
"Haughton, Chantel",Communication,3,4,"COMM 151, COMM 88, COMM 148, COMM 160PF"
"Hayes, Chris",Biology,3.3,3.9,"MCDB 131, MCDB 131L, MCDB 230, MCDB 218A, MCDB 194BG"
"Haynes, Reagan",Fine Arts,1,3,"DANCE 43B, DANCE 43C, DANCE 143A, DANCE 82JZ, DANCE 182JZ"
"Hayton, Trevor",Chemistry,2.9,4.3,"CHEM 116CL, CHEM 173A, CHEM 186, CHEM 290, CHEM 286"
"He, Jingyi",Statistics,1.4,4.4,"PSTAT 120B, PSTAT 130"
"Hecht, Richard",Religion; Religious Studies; Literature,3.5,2.8,"RG ST 113, RG ST 131F, RG ST 130, RG ST 131H, RG ST 131D"
"Hegarty, Mary",Psychology,3.1,3.1,"PSY 108, PSY 160MH, PSY 117L, PSY 594MH, PSY 199"
"Helgeson, Matthew",Chemical Engineering,4.1,3.8,"CH E 180B, CH E 120B, CH E 180A, CH E 120A, CH E 121"
"Hellier-Tinoco, Ruth",Music; Theater,3.2,1.6,"MUS 3A, MUS 3B, MUS 168G, MUS 175K, MUS 168P"
"Henderson, Jarett",History,3.8,3.8,"HIST 2C, HIST 141C, HIST 101G, HIST 124C, HIST 9"
"Hillis, Greg",Religion; Religious Studies; Ethnic Studies,4.1,2.1,"RG ST 21, RG ST 4, EACS 21, RG ST 1, EACS 5"
"Hiltner, Kenneth (Ken)",English,4.5,3.3,"ENGL 22, ENGL 23, ENGL 24, ENGL 122CM, INT 84BZ"
"Hirsch, Sarah",Writing,5,2.6,"WRIT 1, WRIT 2, WRIT 107M, WRIT 107J, WRIT 109V"
"Hobbs-Morgan, Chase",Political Science,4.9,3.3,"POL S 1, POL S 110ET, POL S 189, POL S 114, POL S 110DT"
"Hodges, Scott",Biology,4,3.3,"EEMB 3, EEMB 595EV, EEMB 194PE, EEMB 199, EEMB 197"
"Hoelle, Jeffrey",Anthropology,4,2.2,"ANTH 2, ANTH 152, ENV S 151, ANTH 152A, ANTH 174"
"Hofmann, Gretchen",Biology,4.8,2.4,"EEMB 3, EEMB 155CC, EEMB 92, EEMB 165, EEMB 596"
"Hofmann, Michael",Germanic & Russian Studies,5,1,"GER 1, GER 8C, GER 114, GER 2, GER 101A"
"Holbrook, Sally",Biology,2.8,4,"EEMB 120, EEMB 152, ENV S 152, EEMB 595RR, EEMB 595P"
"Holden, Thomas",Philosophy,5,3.3,"PHIL 20C, PHIL 165, PHIL 164, PHIL 176, PHIL 167"
"Holdrege, Barbara",Religion; Religious Studies,3.5,3.5,"RG ST 19, RG ST 158C, RG ST 206D, RG ST 145, RG ST 165"
"Hollerer, Tobias",Computer Science,4.8,2.6,"CMPSC 48, CMPSC 184, CMPSC 148, CMPSC 189A, CMPSC 291I"
"Holmes, Dawn",Statistics,3.8,3,"PSTAT 10, PSTAT 140, PSTAT 8, PSTAT 190, PSTAT 194"
"Holt, Jennifer",Film,4.5,4,"FAMST 70, FAMST 101E, FAMST 187FM, FAMST 231"
"Holton, Jared",Music,4.6,2.1,"MUS 17, MUS 114"
"Hom, Stephanie Malia",French & Italian,5,2,"ITAL 120X, ITAL 139FX, ITAL 139ZX, ITAL 139CX, ITAL 139YY"
"Horowitz, Gary",Physics,4.5,3,"PHYS 210A, PHYS 231A, PHYS 231B, PHYS 231C"
"Hou, Lynn",Linguistics,5,2.4,"LING 137, LING 138, LING 129, LING 237, LING 594"
"Hu, Ruimeng",Statistics; Mathematics,4.3,4.3,"PSTAT 171, MATH 104A, MATH 260HH, MATH 260AA, PSTAT 223A"
"Huang, Yunte",English,3.3,2.4,"ENGL 104A, ENGL 133TL, ENGL 134AA, ENGL 197, ENGL 104AS"
"Huisgen-Zimmerman, Birge",Mathematics,4.3,3.3,"MATH 117, MATH 111B, MATH 8, MATH 236A, MATH 237C"
"Huk, Peter",Writing,4.9,1.9,"WRIT 2, WRIT 50E, WRIT 2E, WRIT 109F, WRIT 105C"
"Huston, Valerie",Fine Arts,4.2,4.2,"DANCE 47B, DANCE 47D, DANCE 47A, DANCE 147B, DANCE 147C"
"Ichiba, Tomoyuki",Statistics,4,3,"PSTAT 8, PSTAT 171, PSTAT 174, PSTAT 170, PSTAT 213A"
"Iglesias-Rodriguez, Debora",Biology,1,3,"EEMB W 158, EEMB 158, EEMB 243, EEMB 242, EEMB 595MM"
"Ihm, Elliott",Psychology,4.5,3,"PSY 102, PSY 105, PSY 10B, PSY 1, PSY 120L"
"Jackson, Matt",Geology,4.8,2.1,"EARTH 20, EARTHW 20, EARTH 2, EARTH 124IG, EARTH 270MJ"
"Jackson, Wendy",Film,5,4,"FAMST 111A, FAMST 188A, FAMST 106A, FAMST 106B, FAMST 188B"
"Jacob, Walter",Mathematics,4.5,3.1,"MATH 102A, MATH 94, MATH 102B, MATH 220A, MATH 199"
"Jacobs, Emily",Psychology,4.5,3,"PSY 123, PSY 137, PSY 163EJ, PSY 196, PSY 231"
"Jacobs, Ricado",Global & International Studies,4,3.8,"GLOBL 153, GLOBL 130, GLOBL 174, GLOBL 140, GLOBL 197"
"Jacobson, Lisa",History,4.3,3.3,"HIST 193F, HIST 175B, HIST 175D, HIST 175A, HIST 9"
"Jacques, Geoffrey",Black Studies,2.6,3.6,"BL ST 103, BL ST 127, BL ST 124, BL ST 118, BL ST 146"
"Jaeger, Luc",Chemistry,2.8,2.8,"CHEM 142C, CHEM 143, INT 84CV, BMSE 244, CHEM 148"
"James, Anna",Biology; Geology; Geography,5,2.9,"EEMB 3, GEOG 20, EEMB 2, ENV S 111, GEOG 149"
"Jammalamadaka, Sreenivasa",Statistics,4.6,2.6,"PSTAT 122, PSTAT 120C, PSTAT 207A, PSTAT 207B, PSTAT 207C"
"Janowicz, Krzysztof",Geography,4.3,3.1,"GEOG 176B, GEOG 176C, GEOG 178, GEOG 596"
"Janusonis, Skirmantas",Psychology,4.1,3.1,"PSY 136, PSY 113L, PSY 269, PSY 199"
"Jarrett, Greg",Religion; Religious Studies; Philosophy,4.1,3.4,"PHIL 143, PHIL 188, PHIL 130, PHIL 145, RG ST 156BE"
"Jayich, Andrew",Physics,1.6,3.4,"PHYS 128AL, PHYS 141, PHYS 13AH, PHYS 228, PHYS 150"
"Jayich, Ania",Physics,3.3,5,"PHYS 110A, PHYS 123A, PHYS 250, PHYS 199"
"Jenkins, Chris",Film,4.9,2.5,"FAMST 107, FAMST 109EM, FAMST 104, FAMST 109EP, FAMST 109EA"
"Jevbratt, Lisa",Fine Arts,4,2,"ART 7D, ART 102MM, ART 185LJ, ART 122CC, ART 244"
"Ji, Chen",Geology,3,3.3,"EARTH 9, EARTH 100, EARTH 136, EARTH 596"
"Jin, Chenhao",Physics,2,4.9,"PHYS 115C, PHYS 115A, PHYS 115B"
"Johnson, Greg",Religion; Religious Studies,4.3,2.4,"RG ST 14, RG ST 104, RG ST 200TR, RG ST 292IM"
"Johnson, Jennifer",Writing,4.9,2.1,"WRIT 107B, WRIT 2, WRIT 107A, WRIT 105R, WRIT 1"
"Jones, Charles",Geography,3.4,2.8,"GEOG 8, GEOG 210A, GEOG 133, GEOG 280, GEOG 287"
"Joseph, Crisjoe",Chemistry,5,5,"CHEM 1A, CHEM 1C, CHEM 1B"
"Joshi, Pradeep",Biology,2.1,4.3,"MCDB 101B, MCDB 101L"
"Jue, Melody",English,4.5,3.2,"ENGL 192EF, ENGL 192SS, ENGL 140, ENGL 147OM, INT 84CJ"
"Jurkowski, Nicolas",Music,4.8,2.9,"MUS 15, MUS 114, MUS 3A, MUS 5A, MUS 4A"
"Kahn, Kalju",Chemistry,3.1,4.6,"CHEM 142A, CHEM 110L, CHEM 112C, CHEM 112L, CHEM 125L"
"Kalman, Laura",History,4.6,2.9,"HIST 17C, HIST 166D, HIST 166C, HIST 166R"
"Kam, Jennifer",Communication,4.5,3,"COMM 107, COMM 183, COMM 148, COMM 199RA, COMM 255"
"Kaplan, Cynthia",Political Science,2.8,4.1,"POL S 143, POL S 118, POL S 231, POL S 197C, POL S 281"
"Katsika, Argyro",Linguistics,3,4,"LING 145, INT 136PA, LING 251A, LING 251B, LING 594"
"Katz, Derek",Music,5,2.4,"MUS 15, MUS 115, MUS 10C, INT 36KX, MUS 10B"
"Kauffman, Mitchell",Religion; Religious Studies,4.1,3.2,"RG ST 190EI, RG ST 190WE, RG ST 190GA"
"Kearney, J J",English,4.5,2.6,"ENGL 15, INT 35LT, ENGL 197, ENGL 231, ENGL 15S"
"Keiflin, Ron",Psychology,4.6,3.3,"PSY 116, PSY 122, PSY 163RK, PSY 594PK, PSY 199"
"Keller, Arturo",Environmental Science & Mgmt.,5,2,"ESM 202, ESM 224, ESM 296, ESM 222, ESM 401C"
"Keller, Edward",Geology; Geography,3.3,3,"ENV S 134, EARTH 117, GEOG 144, ENV S 144, EARTH 199"
"Kennedy, Robert (Bob)",Linguistics,5,3.8,"LING 70, LING 20, LING 15, LING 107, LING 117"
"Kennett, Douglas",Anthropology,3,3.3,"ANTH 3, ANTH 137, ANTH 178, ANTH 239A, ANTH 206DJ"
"Keum, Tae-Yeoun",Political Science,4.5,3.3,"POL S 1, POL S 188, POL S 187, POL S 196, POL S 240"
"Kharitonova, Yekaterina Kate",Computer Science,2.8,4.5,"CMPSCW 8, CMPSC 8, INT 5, CMPSC 90DA, CMPSC 190J"
"Kim, Bongjin",Electrical & Comp. Engineering,3,2.5,"ECE 152A, ECE 224A, ECE 594BB"
"Kim, Heejung",Psychology,3.6,2.8,"PSY 154, PSY 150L, PSY 160HK, PSY 252, PSY 199"
"Kim, Hyun-Jung",Mathematics,3,4,"MATH 34A, MATH 34B, MATH 8"
"Kim, Sung Soo",Biology,3.9,3,"MCDB 260, MCDB 170, MCDB 248, BMSE 210, MCDB 221"
"Kim, Young Ji",Communication,4.1,3.6,"COMM 106, COMM 122, COMM 206, COMM 199RA"
"King, Jennifer",Geography,5,3,"GEOG 4, GEOG 142, GEOG 134, GEOG 260, GEOG 596"
"King, Rachael",English,2.9,3.4,"ENGL 102, INT 137MK, ENGL 147WT, ENGL 102S, ENGL 197"
"King, William Davies",Theater,3.5,3,"THTR 1, THTR 180B, THTR 180A, THTR 182M, THTR 104A"
"Kippin, Tod",Psychology,3.3,3.4,"PSY 111, PSY 138L, INT 84AN, PSY 235, PSY 211"
"Kislenko, Natasha",Music,5,2.5,"MUS 31A, MUS 31B, MUS 31C, MUS 31X, MUS 152"
"Klein, Stanley",Psychology,4.8,2.8,"PSY 117, PSY 148, PSY 160SK"
"Kloke, John",Statistics,2.2,3.3,"PSTAT 130, PSTAT 131, PSTAT 135, PSTAT 231"
"Kokinis, Troy Araiza",History,3.3,3.1,"HIST 8, HIST 136W, HIST 151A, HIST 197LA, HIST 151R"
"Korman, Daniel",Philosophy,4.5,3.3,"PHIL 1, PHIL 100B, PHIL 100E, PHIL 100C, PHIL 150E"
"Kornberg, Dana",Sociology,2.8,3.8,"SOC 118GK, SOC 126, SOC 294"
"Kosik, Kenneth",Biology; Fine Arts,3.6,3.6,"MCDB 152, ART 133M, MCDB 220C, MCDB 199, BMSE 220C"
"Koutroulakis, Georgios",Physics,5,4.9,"PHYS 1, PHYS 103, PHYS 25, PHYS 5, PHYS 20"
"Kozerawski, Jedrzej",Computer Science,3.7,3,"CMPSC 32, CMPSC 24, CMPSC 165B, INT 93LS"
"Krintz, Chandra",Computer Science,4.1,3.4,"CMPSC 189B, CMPSC 190B, CMPSC 263, CMPSC 148, CMPSC 596"
"Kristiansen, Kai",Physics,3.5,3.5,"PHYS 6C, PHYS 4, PHYS 25, PHYS 110A, PHYS 103"
"Kruegel, Chris",Computer Science,4.6,3.8,"CMPSC 177, CMPSC 596, CMPSC 196"
"Krut, Robert",Writing,5,2.5,"WRIT 107B, WRIT 105C, WRIT 50, WRIT 2, WRIT 1"
"Kruvand, Marjorie",Writing,2.3,3.6,"WRIT 107J, WRIT 107B, WRIT 107G, WRIT 107P, WRIT 105SW"
"Kuhn, Peter",Economics,3.9,2.8,"ECON 152, ECON 290, ECON 250E, ECON 250I"
"Kumar, Sanjay",Mathematics,4.7,2.7,"MATH 34A, MATH 3B, MATH 6B, MATH 108A, MATH 8"
"Kundu, Manny",Anthropology,3,2.9,"ENV S 132, ANTH 111, ANTH 148, ENV S 112"
"Kurin, Danielle",Anthropology,4.6,3.1,"ANTH 121, ANTH 180A, ANTH 197DK, ANTH 180B, ANTH 197ZZ"
"Kuris, Armand",Biology,4.5,4,"EEMB 112, EEMB 116, EEMB 111, EEMB 194T, EEMB 596"
"Kyratzis, Amy",Education,3.3,1.9,"ED 111, ED 211G, ED 199RA, ED 202A, ED 197"
"Labatut, Marion",French,5,2.6,"FR 4, FR 5, FR 6, FR 3, FR 2"
"Labutin, Denis",Mathematics,3.5,2.8,"MATH 4A, MATH 111C, MATH 118A, MATH 132A, MATH 108A"
"Lamartine, Nicole",Music,4.3,4.3,"MUS A 37, MUS A 36, MUS A 136, MUS A 37M, MUS A 137"
"Lane, Dan",Communication,5,2.9,"COMM 89, COMM W 188, COMM 128, COMM 188, COMM 160PD"
"Lansing, Carol",History,4.3,3.4,"HIST 4B, HIST 115X, HIST 115A, HIST 115B, HIST 9"
"Larue, Renan",Literature; French,3.1,3.3,"C LIT 186FL, C LIT 189, FR 101B, FR 151F"
"Lashmet, Amy",Linguistics,3.6,3.1,"LING 12, LING 141, LING W 12, LING W 3C, LING 3C"
"Latto, John",Biology,5,2.3,"EEMB 2, EEMB 2LL, EEMB 50, EEMB 40, INT 35HD"
"Laurent-Perrault, Evelyne",History,3.2,2.8,"HIST 8, HIST 153M, HIST 153A, HIST 149AD, HIST 151R"
"Laverman, Leroy",Chemistry,4.1,3.3,"CHEM 116BL, CHEM 116AL, CHEM 116CL, CHEM 110"
"Lawson, David",Anthropology,4.3,3.1,"ANTH 170, ANTH 130, INT 84CH, ANTH 9, ANTH 241B"
"Lea, David",Geology; Environmental Science & Mgmt.,4.4,2.3,"EARTH 130, EARTH 105, ESM 239, INT 84CQ, EARTH 199"
"LeBrun, Alex",Philosophy,4.4,3.6,"PHIL 4, PHIL 7, PHIL 100B"
"Lee, Jin Sook",Education,4.5,2.7,"ED 123, ED 270H, ED 199, ED 253D, ED 270F"
"Lee, John",History,5,3.3,"HIST 2A, HIST 4A, HIST 111F, HIST 111B, HIST 111T"
"Lee, Wona",Languages; East Asian Languages & Cultures,5,2.5,"KOR 1, KOR 2, KOR 4, KOR 3, KOR 5"
"Levy, Benjamin",Music,5,4,"MUS 3C, MUS 5A, MUS 160B, MUS 250B, MUS 273"
"Lewallen, Ann-Elise",Languages; East Asian Languages & Cultures; History; Ethnic Studies,3.8,2.7,"EACS 4B, JAPAN 150, EACS 14, EACS 141, JAPAN 144"
"Lewis, Robert",Chemistry,4.5,3.9,"CHEM 109C, CHEM 109A, CHEM 109B, CHEM 6AL, CHEM 6BL"
"Li, Peng",Electrical & Comp. Engineering,3,3,"ECE 152A, ECE 594BB"
"Li, Xiaorong",Languages; Literature; Ethnic Studies,3.3,3,"EACS 4A, C LIT 31, CHIN 143, CHIN 40, CHIN 144"
"LI, ZHIJIAN",Statistics,2.4,3.7,"PSTAT 160A, PSTAT 131, PSTAT 126, PSTAT 231"
"Liberman, Zoe",Psychology,4,3.5,"PSY 105, PSY 160ZL, PSY 594ZL, PSY 199, PSY 99"
"Lien, Pei-Te",Political Science; Asian American Studies,2.6,3,"POL S 166, POL S 161, POL S 160, AS AM 160, POL S 263"
"Lim, Geunho",Mathematics,2.3,4.3,"MATH 6A, MATH 118A, MATH 117, MATH 145, MATH 118B"
"Lin, Quyuan",Mathematics,5,3.5,"MATH 6B, MATH 3A, MATH 117, MATH 8"
"Lindheim, Sara",Classics; Classics,4.1,2.9,"CLASS 110, LATIN 3, LATIN 2, LATIN 101, LATIN 100"
"Lipman, Everett",Physics,3.6,3.9,"PHYS 129L, PHYS 127BL, PHYS 128AL, PHYS 103, PHYS 13BH"
"Lipshutz, Bruce",Chemistry,4,4,"CHEM 109BH, CHEM 109CH, CHEM 596, CHEM 223, CHEM 6CH"
"Lisiecki, Lorraine",Geology,4,2.8,"EARTH 4, EARTH 106, EARTH 201C, EARTH 202, EARTH 206"
"Liu, Alan",English,2.6,4.1,"ENGL 25, ENGL 146DS, ENGL 238, ENGL 197, ENGL 25S"
"Liu, Zheng",Mathematics,3.8,3,"MATH 3B, MATH 111A, MATH 111C, MATH 111B, MATH 8"
"Lmaifi, Mariam",French,4.6,2.8,"FR 6, FR 1, FR 2, FR 3"
"Loaiciga, Hugo",Geography; Geology,2.6,3.1,"GEOG 112, EARTH 173, GEOG 116, GEOG 162, ENV S 162"
"Lohwasser, Karin",Education,4.8,3,"ED 150, ED 131, ED 129, ED S 321"
"Lokshtanov, Daniel",Computer Science,3.7,4.1,"CMPSC 190A, CMPSC 138, CMPSC 130B, CMPSC 40, CMPSC 130A"
"Long, Darren",Mathematics,4,3.8,"MATH 3B, MATH 108B, MATH 118C, MATH 221A, MATH 221C"
"Lopez-Carr, David",Geography,3,2.8,"GEOG 5, GEOG 2, GEOG 141A, GEOG 155"
"Louis, Matthieu",Biology,3.8,4.6,"MCDB 108C, MCDB 595X, BMSE 210, MCDB 199, MCDB 596"
"Lovett, Dustin",Literature; Germanic & Russian Studies; Germanic & Russian Studies,4.3,4,"C LIT 50, C LIT 43A, GER 43A, C LIT 179A, C LIT 30B"
"Low, David",Biology,4,2.9,"MCDB 101A, MCDB 101AH, MCDB 194BG, MCDB 230, BMSE 230"
"Low, Seng",Biology,3,5,"MCDB 1B, MCDB 6, MCDB 111, MCDB 26, MCDB 21"
"Lowell, Julia",Economics,3.3,3.4,"ECON 180, ECON 181"
"Lubin, Philip",Physics; Physics,2.4,2.9,"PHYS 4, ASTRO 1, PHYS 134L, PHYS 150, PHYS 199"
"Ludkovski, Michael",Statistics,3.3,4,"PSTATW 160A, PSTAT 160A, PSTAT 170, PSTAT 176, PSTAT 276"
"Ludwig, Andreas",Physics,4.3,3.9,"PHYS 220, PHYS 223B"
"Luna, Zakiya",Sociology,1.6,3.7,"SOC 155M, SOC 185S, SOC 154R, SOC 196HR, SOC 255R"
"Lundberg, Shelly",Economics,2.7,2.7,"ECON 250D, ECON 196A, ECON 196B"
"Lunsford, Karen",Writing,4.9,2.4,"WRIT 109HP, WRIT 105SW, WRIT 155B, WRIT 161, WRIT 253"
"Luo, Xiao",Physics,5,2,"PHYS 23, PHYS 24, PHYS 128AL"
"Luzzatto-Fegiz, Paolo",Mechanical Engineering,5,3.3,"ME 152B, ME 125PL, ME 220A, ME 225PL, ME 197"
"Lytle, Tiffany",Theater; Asian American Studies,5,2.5,"AS AM 118, THTR 9, AS AM 142, AS AM 79"
"Ma, Dzwokai",Biology,4,4.8,"MCDB 103, MCDB 151, MCDB 220B, MCDB 103H, MCDB 194ZM"
"Macdonald, Francis",Geology,2,3,"EARTH 104A, EARTH 109, EARTH 201B, EARTH 596, EARTH 199"
"Macias, Esmeralda",English,3.8,3,"ENGL 189, ENGL 10, INT 201GW, ENGL 265GW, ENGL 175GW"
"MacKie, Diane",Psychology,3,3.9,"PSY 139, PSY 140, PSY 594DM, PSY 199, PSY 99"
"MacLean, Rose",Classics; Classics,5,2.3,"CLASS 140, CLASS 70, LATIN 1, CLASS 233, CLASS 185"
"Mahdavi, Paasha",Political Science; Environmental Science & Mgmt.,4.8,3.9,"POL S 15, POL S 196, POL S 206, POL S 211, POL S 205"
"Majewski, John",History,4.9,2.8,"HIST 162B, HIST 9, INT 137TH, HIST 162R"
"Major, Brenda",Psychology,3,3.3,"PSY 102, PSY 147, PSY 594BM, PSY 199"
"Malvinni, David",Music,3.4,2.1,"MUS 17, MUS 114"
"Manin, Fedya",Mathematics,4.1,4.6,"MATH 108B, MATH 147A, MATH 111B, MATH 221A, MATH 232A"
"Manjunath, B. S.",Electrical & Comp. Engineering; Computer Science,4,3.3,"ECE 180, ECE 181, ECE 278A, CMPSC 181, ECE 281B"
"Marcus, Scott",Music,3.4,1.9,"MUS 3C, MUS 175G, MUS 175F, MUS 160D, MUS 160E"
"Marcuse, Harold",History,3,2.5,"HIST 2C, HIST 133D, INT 137RP, HIST 9, HIST 133Q"
"Marden, Jason",Electrical & Comp. Engineering,3.8,4,"ECE 149, ECE 194V, ECE 130A, ECE 271C, ECE 194D"
"Marina, Mavel",Education,1.6,2.4,"ED 20, ED 20I, ED 120"
"Marks, Trevor",Mechanical Engineering,4,4.3,"ME 104, ME 6, ME 14, ME 179L"
"Marolf, Donald",Physics,3.4,3.4,"PHYS 102, PHYS 231C, PHYS 231A, PHYS 230B, PHYS 231B"
"Marques-Pascual, Laura",Spanish,3.3,4,"SPAN W 1, SPAN W 2, SPAN 3, SPAN 1, SPAN 2"
"Marshall, Kathy",Economics,2.6,3.6,"ECON 101, ECON 181, ECON 114B"
"Martin, Crystal",Physics; Physics,2.9,4.3,"ASTRO 1, PHYS 133, PHYS 132, PHYS 136, ASTRO 1H"
"Maslan, Mark",English,3.4,3.2,"ENGL 103A, ENGL 132WE, ENGL 132PR, ENGL 132EP, ENGL 197"
"Massie, Eric",History,4,3,"HIST 2C, MES 45"
"Masterson, Daniel",Political Science,3.5,2.6,"POL S 150A, POL S 197C, POL S 196, POL S 594MD, POL S 207"
"Mastro, Dana",Communication,4.8,2.1,"COMM 103, COMM 199RA, COMM 594MS"
"Matni, Ziad",Communication; Computer Science,4.4,3.4,"COMM 88, CMPSC 8, CMPSCW 8, CMPSC 32, CMPSC 16"
"Mayer, Richard",Psychology,3.8,2.5,"PSY 124, PSY 125, PSY 594RM, PSY 160RM, PSY 237"
"Mazanec, Thomas",Languages; Literature; Ethnic Studies,5,2,"CHIN W 80, CHIN 80, CHIN 140, CHIN 139, CHIN 101A"
"Mazin, Benjamin",Physics,2.8,3,"PHYS 6CL, PHYS 6AL, PHYS 6BL, PHYS 29, PHYS 129L"
"McAuley, Christopher",Black Studies,4.1,2.3,"BL ST 7, BL ST 3, BL ST 104, BL ST 102, BL ST 100"
"McCants, Kristen",English,4.6,2.6,"ENGL 192WW, ENGL 105B, ENGL 165RR, ENGL 165EM"
"McCarthy, Christina",Theater; Fine Arts,3.7,3,"DANCE 50, DANCE 56A, DANCE 56C, DANCE 149, DANCE 151A"
"McClain, Katia",Germanic & Russian Studies; Germanic & Russian Studies; Literature,4.4,1.8,"C LIT 115, SLAV 117F, SLAV 152A, SLAV 33, SLAV 182"
"McClure, Sarah",Anthropology,5,3,"ANTH 3, ANTH 162, ANTH 167, ANTH 197XY, ANTH 186Z"
"McDonald, Kate",History; Languages; East Asian Languages & Cultures,4.6,2.8,"HIST 87, HIST 187C, HIST 187B, HIST 105II, HIST 9"
"McFadden, Joe",Geography,4.5,3,"GEOG 115A, GEOG 130, GEOG 243"
"McFarland, Eric",Chemistry; Chemical Engineering,2.7,4.4,"CH E 184B, CH E 140B, CH E 141, CH E 198, CH E 241"
"McHugh, Patrick",Writing,4.8,2.3,"WRIT 107B, INT 37UD, WRIT 50, WRIT 105WE, WRIT 153B"
"McKirahan, Richard",Philosophy,3.1,3,"PHIL 154, PHIL 151, PHIL 153, PHIL 251G"
"McLellan, Larry",Germanic & Russian Studies,4.8,2.8,"RUSS 1, RUSS 101D, RUSS 5, RUSS 6, RUSS 101A"
"McMahon, Christina",Theater,4.2,2,"THTR 2A, THTR 184AA, THTR 184CA, THTR 251AF, THTR 199"
"McMeeking, Robert",Mechanical Engineering,3.5,3.6,"ME 154, MATRL 234"
"McMurtrey, Megan",English,4.4,2.5,"ENV S 193TK, ENGL 34NA"
"McNamara, James",Film,5,3.6,"FAMST 144, FAMST 96, FAMST 150AD, FAMST 166TN, FAMST 187SS"
"Meadow, Mark",Art History,4,3,"ARTHI 6M, INT 137MK, ARTHI 107A, ARTHI 107C, ARTHI 141E"
"Meiburg, Eckart",Mechanical Engineering,3.7,3,"ME 140A, ME 252A"
"Meiring, Wendy",Statistics,3,3.8,"PSTAT 127, PSTAT 262ST, PSTAT 220B, PSTAT 232, PSTAT 230"
"Melnick, Ross",Film,4.8,2.6,"FAMST 101F, FAMST 101C, FAMST 55QM, FAMST 187AN, FAMST 110"
"Menard, Gabriel",Chemistry,2.6,3.9,"CHEM 25, CHEM 173A, CHEM 596, CHEM 175, CHEM 268A"
"Mendes Braga, Marta",French,5,3,"FR 1, PORT 130B, PORT 8B, PORT 8A, PORT 102A"
"Merolla, Andy",Communication,4.9,2.8,"COMM 89, COMM 121, COMM 111, COMM 207, COMM 199RA"
"Metiu, Horia",Chemistry,3,3.7,"CHEM 113C, CHEM 113A, CHEM 2B, CHEM 2BC, CHEM 113AL"
"Metzger, Miriam",Communication,3.9,4.1,"COMM 87, COMM 174, COMM 213, INT 200, COMM 204B"
"Miele, Ilene",Writing,4.2,1.9,"WRIT 105S, WRIT 109ED, WRIT 2, WRIT 105C, WRIT 1"
"Miescher, Stephan",History; Black Studies,3.3,3,"HIST 49B, HIST 49C, BL ST 49C, HIST 202, BL ST 49B"
"Mildenberger, Matto",Political Science; Environmental Science & Mgmt.,3.9,3.5,"POL S 15, POL S 177, ENV S 177, POL S 106CI, POL S 207"
"Miller, Karly",Geography,2.3,3.8,"ENV S 130C, GEOG 5, ENV S 111, GEOG 149, GEOG 119"
"Millner, Antony",Economics,3,4.9,"ECON 10A, ECON 115, ECON 260I, ECON 290"
"Minor, Ryan",History; Writing; Black Studies,5,2.4,"HIST 49C, HIST 101, BL ST 49C, HIST 147D, WRIT 2"
"Miolane, Nina",Electrical & Comp. Engineering,4.4,3.8,"ECE 3, ECE 278A, ECE 594N, ECE 194N"
"Mireles-Rios, Rebeca",Education,4,2,"ED 111, ED 123, ED 197, ED 211G, ED 146"
"Mirza, Diba",Computer Science,5,3.1,"CMPSC 16, CMPSC 24, CMPSC 8, CMPSCW 8, CMPSC 40"
"Mitchell, Greg",Theater,3,3.6,"THTR 19, THTR 22, INT 84BE, THTR 194D, THTR 122"
"Mizrahi, Janet",Writing,3.7,3.8,"WRIT 107P, WRIT 159B, WRIT 109HP, WRIT 107J, WRIT 152B"
"Moeller, Holly",Biology,4.6,3.6,"EEMB 120, EEMB 179, EEMB 508, EEMB 509, EEMB 595CA"
"Moerschel, Jonathan",Music,5,4,"MUS A 140, MUS A 40, MUS A 144, MUS 26D, MUS A 244"
"Mokriski, David",Philosophy,4.6,4,"PHIL 3, PHIL 4, PHIL 1, PHIL 139, PHIL 134"
"Monahan, Laurie",Art History,3.1,3.3,"ARTHI 119F, ARTHI 141E, ARTHI 192A, ARTHI 141F"
"Montell, Craig",Biology,5,4.5,"MCDB 152, MCDB 194NB, MCDB 223, MCDB 248, MCDB 218B"
"Montell, Denise",Biology,3.5,3.5,"MCDB 112, MCDB 112H, MCDB 248, MCDB 218A, MCDB 199"
"Montello, Dan",Geography,3.1,3.3,"GEOG 5, GEOG 150, GEOG 117, GEOG 153C, GEOG 200C"
"Moody, Galan",Electrical & Comp. Engineering,5,2.4,"ECE 120A, ECE 120B, ECE 136C, ECE 10C, ECE 10CL"
"Moore, Katie",History,4.6,2,"HIST 17A, HIST 193MA, HIST 161R, HIST 101MQ"
"Moore, KM",Religion; Religious Studies; English,2.3,2.7,"ENGL 37, RG ST 37, RG ST 141D, RG ST 102A, INT 36DL"
"Moosbrugger, Lorelei",Political Science,4.5,3.4,"POL S 6, POL S 146, POL S 145, POL S 177"
"Morales, Helen",Classics; Classics,4.8,2.5,"CLASS 40, CLASS 40H, GREEK 10B, GREEK 10A, CLASS 232"
"Morris, Nomi",Writing,3,4.4,"WRIT 105C, WRIT 24, WRIT 152A, WRIT 107J, WRIT 107M"
"Morrison, Dave",Mathematics; Physics,2.1,3.6,"MATH 108A, PHYS 102, MATH 111C, MATH 113, MATH 108B"
"Morrissey, Meghan",Biology,5,2.5,"MCDB 135, MCDB 260, MCDB 218A, MCDB 194M"
"Morse, Julia",Political Science,4.4,3.6,"POL S 7, POL S 124, POL S 106HR, POL S 272"
"Morstein-Marx, Robert",Classics; Classics; Classics,4.8,2.3,"CLASS 20B, CLASS 150, CLASS 145, CLASS 185, LATIN 100"
"Morton, Carlos",Theater,2.3,2,"THTR 180E, THTR 104A, THTR 194L, THTR 104B, THTR 265A"
"Moseley, Delila",Theater; Fine Arts,3.2,1.7,"DANCE 47A, DANCE 47B, DANCE 42E, DANCE 47C, DANCE 147B"
"Moulton, Susan",Fine Arts,2.5,4,"ART 1C, ART 32, ART 132, ART 244, ART 134"
"Mouti, Saad",Statistics,2.3,4.5,"PSTAT 120A, PSTATW 120A, PSTAT 171, PSTAT 120B, PSTAT 160A"
"Mukherjee, Arnab",Chemistry; Chemical Engineering; Bioengineering,3.3,2.8,"CH E 132B, CH E 132C, CH E 230A, CH E 174, BIOE 210"
"Mullath, Zuhair",Mathematics,4.9,3,"MATH 6B, MATH 111A, MATH 108B, MATH 108A, MATH 8"
"Mullen, Jillian",Linguistics,3.8,2.9,"LING 3B, LING W 3C, LING 3C, LING 14, LING W 12"
"Mullin, Charles",Communication,2.5,3.8,"COMM 113, COMM 179, COMM 145, COMM 132, COMM 114"
"Mullin, Dolly",Communication,4.1,3.5,"COMM 1, COMM 88, COMM 500"
"Murnane, Evan",Music,5,2.9,"MUS 11, MUS 4A, MUS 4D"
"Murray, Alan",Geography,5,4,"GEOG 190, GEOG 191, GEOG 294, GEOG 290, GEOG 596"
"Murti-Hali, Dipali",Writing,4.3,1.8,"WRIT 2, WRIT 107B, WRIT 105C, WRIT 107G, WRIT 199"
"Muruamendiaraz, Maitane",Spanish; Literature,5,2,"SPAN 183IA, SPAN 183B, SPAN 154C, C LIT 186B, SPAN 183E"
"Myers, Karen",Communication,4.4,2.5,"COMM 166, COMM 122, COMM 152, COMM 204M, COMM 199RA"
"Nabi, Robin",Communication,3.9,4.3,"COMM 117, COMM 139, COMM 181A, COMM 217"
"Nagy, Akos",Mathematics,3.3,3.4,"MATH 4B, MATH 119A, MATH 145, MATH 8, MATH 119B"
"Nakamura, Jessica",Theater; Asian American Studies,5,2.3,"THTR 2B, THTR W 2B, THTR 188D, THTR 183EA, THTR 180F"
"Nall, Clayton",Political Science,3,3.7,"POL S 12, POL S 162, POL S 170, INT 84BW"
"Narang, Neil",Political Science,5,3.3,"POL S 7, POL S 196, POL S 275"
"Nathan, Jon",Music,3.6,3.8,"MUS 16, MUS 175K, MUS A 147S, MUS A 144, MUS A 47S"
"Nelson, Harry",Physics,5,3.1,"PHYS 1, PHYS 4, PHYS 127AL, PHYS 199"
"Nesci, Catherine",Literature; French,4.4,2.8,"C LIT 50B, FR 50BX, C LIT 101, FR 151B, FR 100"
"Newfield, Chris",English,3.8,2.4,"ENGL 193, ENGL 197, ENGL 236, ENGL 193S, ENGL 199"
"Nguyen, Alice",Biology; Biology,1.1,4.2,"EEMB 2, MCDB 1A, EEMB 2LL, MCDB 1B, MCDB 1LL"
"Nguyen, Thuc-Quyen",Chemistry,4,3.1,"INT 84CB, CHEM 153, CHEM 282C, CHEM 596, CHEM 290"
"Nicolaescu, Andrea",Linguistics,3.5,4.1,"LING W 3C, LING 3C, LING 12, LING W 12, LING 140"
"Nidzieko, Nick",Geography,4.8,4,"ENV S 111, GEOG 149, GEOG 104, GEOG 132, GEOG 263"
"Noi, Evgeny",Geography,3,3,"GEOG W 12, GEOG 172, GEOG 176A"
"Norris, Andrew",Political Science,3.4,4.4,"POL S 1, POL S 188, POL S 110, POL S 110PC, INT 84BA"
"Nourizadeh, Shane",Biology; Biology,5,3,"MCDB 111, MCDB 1A, EEMB 157, EEMB 157B, MCDB 112L"
"Novak, David",Music,1.9,4,"MUS 168G, MUS 168J, INT 84CM, MUS 227, MUS 276B"
"O'Connor, Alice",History,4.5,3.8,"HIST 74, HIST 5, HIST 178B, HIST 266B, HIST 266A"
"O'Malley, Michelle",Chemical Engineering,4.5,3.5,"CH E 107, CH E 180A, CH E 173, CH E 272, CH E 198"
"Oakley, Todd",Biology,3.6,3.1,"EEMB 102, EEMB 112, EEMB 102H, EEMB 595EV, EEMB 596"
"Ograin, Christopher",Mathematics; Education,4.3,2.8,"MATH 4B, MATH 108A, MATH 101A, MATH 8, MATH 101B"
"Oh, Sang-Yun",Statistics; Computer Science,2.6,4,"PSTAT 135, PSTAT 126, PSTAT 134, CMPSC 190DE, CMPSC 190DF"
"Olguin, Ben",English,2.5,3.1,"ENGL 39, ENGL 50, ENGL 34, ENGL 265GW, INT 201GW"
"Oono, Ryoko",Biology; Biology,2.2,4,"EEMB 3, EEMB 145, EEMB 157C, EEMB 595D, EEMB 194D"
"Oprea, Ryan",Economics,5,4,"ECON 1, ECON 278A, ECON 278B"
"Ortiz, Arlene",Psychology,2.5,1.5,"CNCSP 101, CNCSP 215, CNCSP 292, CNCSP 220, CNCSP 274A"
"Osqueezadeh, Bahram",Music,3,3,"MUS 122D, MUS 22D"
"Oxelson, Eva",Education,4.5,1.8,"ED 313, ED 261, ED 265A, ED 268"
"Pacheco, Raquel",Anthropology,5,3,"ANTH 125, ANTH 135, ANTH 250RP"
"Pajak, Anna",Germanic & Russian Studies,5,1.9,"GER 1, GER 3, GER 116A, GER 5, GER 4"
"Pan, Jiayin",Mathematics,3.6,3.4,"MATH 6A, MATH 4B, MATH 8, MATH 113"
"Pandya, Sameer",Asian American Studies,3,4,"AS AM 5, AS AM 100FF, AS AM 158, AS AM 141"
"Park, Jea-Hyun",Mathematics,3.1,3.4,"MATH 6A, MATH 4A, MATH 104A, MATH 3B, MATH 8"
"Park, Sowon",English,4.4,4,"ENGL 171NH, ENGL 171, ENGL 170MB, ENGL 185, ENGL 197"
"Parker, Emma",Education,2.6,2.5,"ED 118, ED 20, ED 197, ED 120"
"Parks, Lisa",Film,4.8,3.1,"FAMST 101D, FAMST 166TS, FAMST 187RZ, FAMST 241, FAMST 252MD"
"Patterson, David",Physics,2.7,3.7,"PHYS 115C, PHYS 115A, PHYS 115B, PHYS 128AL, PHYS 123B"
"Patterson, Kathy",Writing,4,2.7,"WRIT 1, WRIT 50, WRIT 2, WRIT 109SS, WRIT 105CW"
"Paul, David",Music,4,3.1,"MUS 3B, MUS 116, MUS 5B, MUS 5C"
"Pedersen, Hal",Statistics,2.1,4,"PSTAT 170, PSTAT 171, PSTAT 173, PSTAT 194FM, INT 84CU"
"Penley, Constance",Film,3.8,2.4,"FAMST 154PG, FAMST 175, FAMST 187FC, FAMST 190PC, FAMST 252PG"
"Pennathur, Sumita",Chemistry; Mechanical Engineering; Electrical & Comp. Engineering,4.1,3.6,"ME 141A, ME 292, ECE 141A, ME 141B, CHEM 596"
"Perez, Elizabeth",Religion; Religious Studies,3.6,2.6,"RG ST 61, RG ST 124G, RG ST 16, RG ST 63, RG ST 110M"
"Perrone, Giuliana",History,5,3,"HIST 17B, HIST 5, HIST 142AL, HIST 164C, HIST W 17B"
"Peters, Gareth",Statistics,3.4,3.9,"PSTAT 174, PSTAT 276, PSTAT 176, PSTAT 277B, PSTAT 262FE"
"Petro, Patrice",Film,5,3.5,"FAMST 192FT, FAMST 240, FAMST 242FS, FAMST 593"
"Pettus, Thomas",Chemistry,2.5,4.9,"CHEM 109A, CHEM 124, CHEM 163, CHEM 263, CHEM 224"
"Pierce, Kana",Languages; East Asian Languages & Cultures,5,3.1,"JAPAN 4, JAPAN 2, JAPAN 1, JAPAN 3, JAPAN 120A"
"Plane, Ann",History,3.3,3.1,"HIST 161B, HIST 192, HIST 9, HIST 161R, HIST 292A"
"Plaxco, Kevin",Chemistry; Bioengineering,4.3,3.5,"CHEM 147, BIOE 210, BMSE 215, BMSE 201A, BMSE 596"
"Ponce, Gustavo",Mathematics,3,3.8,"MATH 122A, MATH 108A, MATH 118A, MATH 124A, MATH 118C"
"Poole, Stephen",Biology,3.8,3.6,"MCDB 101B, MCDB 1A, MCDB 199"
"Popescu, Paula",Physics,4.3,3,"PHYS 6AL, PHYS 6B, PHYS 6BL, PHYS 6CL, PHYS 3L"
"Porter, Matt",Mathematics,4.8,2.8,"MATH 4A, MATH 34A, MATH 34B, MATH 3A, MATH 4B"
"Porter, Susannah",Geology,4.4,2.4,"EARTH 7, EARTH 143, EARTH 227, EARTH 127, EARTH 201A"
"Powers, Rebecca",French; Literature,1.6,2.9,"C LIT 30C, FR 50CX, C LIT 50C, FR 101C, FR 154I"
"Press, Carol",Theater; Fine Arts,3.6,2,"DANCE 45, DANCE 199, THTR 29D"
"Price, Scott",Chemistry,4.6,3.4,"CHEM 1B, CHEM 1A, CHEM 1C, CHEM 196"
"Prieto, Eric",French; Literature,4.1,3.1,"FR 154G, C LIT 171, FR 154L, FR 151G, FR 101C"
"Propen, Amy",Writing,4.9,1.8,"WRIT 105M, WRIT 105S, INT 136FC"
"Proulx, Stephen",Biology,4.5,3.5,"EEMB 138, EEMB 180, EEMB 595TE, EEMB 174, EEMB 194TE"
"Putinar, Mihai",Mathematics,2.4,4.5,"MATH 4A, MATH 3B, MATH 122A, MATH 118A, MATH 108B"
"Qin, Cheng-Zhong",Economics,2.5,3.8,"ECON 100B, ECON 116A, ECON 100C, ECON 210C, ECON 290"
"Quirk, Matthew",Psychology,3,1,"CNCSP 200, CNCSP 199RA, CNCSP 201"
"Radford, Anthony",Music,4.5,3.5,"MUS A 34, MUS A 134, MUS 27A"
"Raley, Rita",English,4.5,3.5,"ENGL 10, ENGL 189, ENGL 146SI, ENGL 147SM, ENGL 146AI"
"Rambelli, Fabio",Religion; Religious Studies; Languages; East Asian Languages & Cultures; Ethnic Studies,3.8,2.6,"EACS 4A, INT 137RP, RG ST 167A, JAPAN 175B, RG ST 175B"
"Rana, Swati",English,3,3.1,"ENGL 50, ENGL 134RJ, ENGL 109, ENGL 197, ENGL 50S"
"Rappaport, Erika",History,4.3,2.6,"HIST 4C, HIST 193F, HIST 141B, HIST 124A, HIST 200E"
"Ratner, Kyle",Psychology,4.6,2.3,"PSY 10B, PSY 152, PSY 238, PSY 199"
"Ravat, Uma",Statistics,3,4.5,"PSTATW 120A, PSTAT 10, PSTAT 120A, PSTAT 120B, PSTAT 194CS"
"Raven, Morgan",Geology,3.1,3.8,"EARTH 4, EARTH 163, EARTH 266, EARTH 194BG, EARTH 270MR"
"Raymond, Elena",Sociology; Feminist Studies,4,3.5,"SOC 164, SOC 185G, SOC 145, SOC 185S, SOC 185C"
"Raymond, Geoffrey",Sociology,4.6,2.6,"SOC 174P, SOC 185E, SOC 136A, SOC 294, SOC 596"
"Read de Alaniz, Javier",Chemistry,4.8,4,"CHEM 109B, CHEM 109C, CHEM 109AH, CHEM 129, CHEM 223"
"Reese, Ben",Psychology; Biology,3,5,"PSY 135, PSY 163BR, PSY 132, PSY 163RE, MCDB 596"
"Reeve, Daniel",English,3,3.6,"ENGL 101, ENGL 115, ENGL 110A, ENGL 152B, ENGL 10"
"Reich, Norbert",Chemistry,2.6,4.1,"CHEM 142A, CHEM 125L, CHEM 142B, CHEM 149, CHEM 142C"
"Reid, Scott",Communication,3.9,3.9,"COMM 109, COMM 104, COMM 123, COMM 181A, COMM 181B"
"Reynolds, Dwight",Religion; Religious Studies; Literature,4.9,2,"C LIT 32, RG ST 289A, RG ST 148A, RG ST 289C, RG ST 148B"
"Rice, Ronald",Communication,4.8,3.3,"COMM 169, COMM 163, COMM 212, COMM 200"
"Richardson, Chris",Biology,4.6,3.4,"MCDB 101A, MCDB 260, MCDB 101AH"
"Richardson, Matt",Feminist Studies,2.4,3,"FEMST 80, FEMST 180, FEMST 164, FEMST 185MR, FEMST 250AG"
"Richman, Jeff",Physics,3,3.8,"PHYS 125, PHYS 225A, PHYS 225B"
"Rios, Victor",Sociology,4.3,2,"SOC 164, SOC 170J, SOC 213"
"Rioux, Matt",Geology,5,3.5,"EARTH 2, EARTH 114, EARTH 104A, EARTH 102A, EARTH 115"
"Roberts, Dar",Geography,4.5,3.6,"GEOG 4, GEOG 140, GEOG 175, GEOG 214B, GEOG 277"
"Roberts, Luke",Languages; East Asian Languages & Cultures; History,4.4,2.8,"HIST 2B, HIST 87, HIST 187S, HIST 187A, HIST 9"
"Robertson, John",Linguistics,3.6,3.1,"LING 3B, LING 3C, LING 12, LING 8"
"Robertson, Teresa",Philosophy,3.4,4.1,"PHIL 183, PHIL 116, PHIL 184, PHIL 150E, PHIL 284G"
"Robinson, William",Sociology,3.9,3.4,"SOC 122GI, SOC 130GR, SOC 130LA, SOC 185RT, SOC 130SG"
"Rodriguez, Celia",Chicano Studies,5,2,"CH ST 125A, CH ST 125B, CH ST 137, CH ST 128, CH ST 191HR"
"Roney, James",Psychology,3.4,3.6,"PSY 146, PSY 155L, PSY 594JR, PSY 247, PSY 199"
"Rose, Kenneth",Electrical & Comp. Engineering; Computer Science,4.6,3.3,"ECE 139, ECE 178, ECE 277, ECE 242, ECE 205"
"Ross, Elissa",Education,4,1,"ED 128, ED 130"
"Rothfarb, Lee",Music,2.9,3.7,"MUS 275, MUS 252A, MUS 160C, MUS 595, MUS 251A"
"Rothman, Joel",Biology,4.5,3.4,"MCDB 110, MCDB 225, MCDB 224, BMSE 210, MCDB 194KF"
"Royer, Heather",Economics,3.9,3.2,"ECON 96, ECON 245J, ECON 290"
"Ruiz, Trevor",Statistics; Computer Science,3.8,3,"PSTAT 100, PSTAT 120B, PSTAT 126, PSTAT 131, PSTAT 197A"
"Rupert, Peter",Economics,2.7,3.8,"ECON 135, ECON 150B, ECON 204B, ECON 253A"
"Rutherford, Kevin",Writing,4.4,2.5,"WRIT 105C, WRIT 50, WRIT 105R, WRIT 2, WRIT 105M"
"Sabra, Adam",History,3.5,3.8,"HIST 145B, HIST 46A, HIST 145C, HIST 145A, HIST 202"
"Safinya, Cyrus",Biology; Physics,2.5,2,"PHYS 135, MATRL 135, MATRL 276A, BMSE 276B, MATRL 276B"
"Saldivar, Tanaka",Anthropology,4.3,2.3,"ANTH 113, ANTH 197ES, ANTH 108, ANTH 129, ANTH 195A"
"Saleem, Muniba",Communication,4.4,2.6,"COMM 113, COMM 114, COMM 102, COMM W 113, COMM 594MD"
"Salem, Loai",Electrical & Comp. Engineering,4,3.1,"ECE 10A, ECE 10AL, ECE 142, ECE 10BL, ECE 10B"
"Rammy, Salem",Psychology,1,4,"PSY 140, PSY 10A, PSY 10B, PSY 102"
"Salmon, Nathan",Philosophy,3.1,3.4,"PHIL 100C, PHIL 183, PHIL 116, PHIL 184, PHIL 173"
"Salton Cox, Glyn",English,5,3,"ENGL 122EE, ENGL 122RS, ENGL 122UM, INT 136FL, ENGL 197"
"Samolsky, Russell",English,4.5,3,"ENGL 128GN, ENGL 165AE, ENGL 128AF, ENGL 197, ENGL 234"
"Samuels, Robert",Writing,3.4,2.8,"WRIT 105R, WRIT 105PD, WRIT 109F, WRIT 109SS, INT 136SB"
"Sanchez, Micaela Diaz",Chicano Studies,2.9,2.5,"CH ST 109, CH ST 161, CH ST 178A, CH ST 230C, CH ST 193"
"Santoro, Alyson",Biology,5,2.3,"EEMB 144, EEMB 150A, INT 84BV, EEMB 144L, EEMB 595MM"
"Sarkar, Bhaskar",Film,3.3,3.5,"FAMST 155SR, FAMST 192CT, FAMST 124, FAMST 119ML, FAMST 226"
"Saur, Elizabeth",Writing,5,3,"WRIT 1, WRIT 2, WRIT 105R, WRIT 109ED, WRIT 109HU"
"Schley, Nathan",Mathematics,3.1,4.4,"MATH 4B, MATH 34A, MATH 4A, MATH 34B, MATH 6A"
"Schmitt, Russell",Biology,4.9,3.4,"EEMB 142A, EEMB 142AL, EEMB 152, ENV S 152, EEMB 595P"
"Schneider, Nick",Economics,3.9,3,"ECON 138A, ECON 138B"
"Schoinoplokaki, Emmanuela",Classics,5,1,"GREEK 10A, GREEK 10B"
"Schooler, Jonathan",Psychology,3.6,3.3,"PSY 108, PSY 121, PSY 120, PSY 160JS, PSY 117"
"Schow, Clint",Electrical & Comp. Engineering,3.5,4.8,"ECE 10B, ECE 10BL, ECE 201A, ECE 265, ECE 192"
"Schranck, John",Literature; Writing,5,2.9,"WRIT 2, C LIT 27, WRIT 105C, C LIT 100, WRIT 1"
"Schuller, Jon",Electrical & Comp. Engineering,3.5,4,"ECE 162A, ECE 261, ECE 211A, MATRL 162A"
"Shell, Scott",Chemistry; Chemical Engineering,4.8,3.3,"CH E 110B, CH E 240A, CH E 246, CHEM 279, CHEM 596"
"Scott, Vickie",Theater,3.4,2.9,"THTR W 19, THTR 130, THTR 23, THTR 123, THTR 196"
"Scudder, Samantha",Psychology,4.5,3.1,"PSY 106, PSY 133, PSY 111"
"Segal, Noah",Classics; Classics; Classics,4.3,2.6,"CLASS 40, CLASS 150, CLASS 20B, CLASS 130, CLASS 170"
"Segalman, Rachel",Chemical Engineering,5,3,"CH E 160, CH E 260, MATRL 160"
"Segura, Denise",Sociology,2.6,3.9,"SOC 144LA, SOC 153, SOC 144, SOC 155W, SOC 215A"
"Seikaly, Sherene",History,4.5,3.8,"HIST 46B, HIST 146, HIST 146T, HIST 146BQ, HIST 201ME"
"Sen, Pradeep",Electrical & Comp. Engineering; Computer Science,3.5,4.4,"ECE 178, ECE 194M, ECE 130B, ECE 194P, CMPSC 280"
"Sepunaru, Lior",Chemistry,5,4.6,"CHEM 1B, CHEM 112A, CHEM 113A, CHEM 2B, CHEM 112C"
"Shakerian, Shaya",Mathematics,4.4,2.6,"MATH 6B, MATH 3B, MATH 117"
"Shea, Joan",Chemistry,3.6,3.2,"CHEM 290, CHEM 596"
"Sheffield, Chuck",Theater,4.9,1.7,"THTR 22, THTR 149, THTR 29D, THTR 29B, THTR 29A"
"Sakr, Laila",Film,5,2,"FAMST 165AC, FAMST 122ME, FAMST 109GA, FAMST 189AC, FAMST 189FT"
"Sherman, David",Psychology,3.6,3.3,"PSY 159, PSY 150L, PSY 160DS, PSY 202, PSY 210"
"Sherwin, Mark",Physics,2,3.9,"PHYS 21, PHYS 104, PHYS 106, PHYS 250, PHYS 99"
"Sherwood, Timothy",Computer Science,5,2.8,"CMPSC 64, CMPSC 293E, CMPSC 196, CMPSC 596"
"Shewry, Teresa",English,5,2.5,"ENGL 192FE, ENGL 122FE, ENGL 104B, ENGL 165LP, ENGL 197"
"Shilo, Amit",Classics; Classics,3.1,2.8,"CLASS 40, CLASS 101, GREEK 1, GREEK 3, GREEK 2"
"Shishim, Mark",Education,4.7,2.9,"INT 95A, ED 191W, INT 95C, INT 95B, ED 199"
"Shkolnik, Alexander",Statistics,3.8,4.5,"PSTAT 160B, PSTAT 262MC, PSTAT 223C, PSTAT 199, PSTAT 223A"
"Sideris, Tom",Mathematics,2.9,3.6,"MATH 3A, MATH 108A, MATH 124B, MATH 119B, MATH 246C"
"Siegel, Greg",Film,3.4,4.1,"FAMST 70, FAMST 192PM, FAMST 166AI, FAMST 189SM, FAMST 231"
"Simpson, Julie",Biology,3.9,4.1,"MCDB 101B, MCDB 101BH, MCDB 221, MCDB 254, BMSE 210"
"Singh, Ambuj",Computer Science; Statistics,2.5,3.8,"CMPSC 130A, PSTAT 197A, CMPSC 130B, CMPSC 190DD, CMPSC 292F"
"Singh, Satyajit",Political Science; Global & International Studies,4.3,3.1,"GLOBL 2, POL S 140, POL S 130, POL S 106PW, GLOBL 197"
"Sisco, Zach",Computer Science,4.3,2.8,"CMPSC 32, CMPSC 16, CMPSC 138, CMPSC 24"
"Sloan, Tina",Education,4.9,2.6,"ED 150, ED 312, ED 282"
"Smith, Eric",Political Science; Environmental Science & Mgmt.,4.1,3,"POL S 12, POL S 175, POL S 155L, POL S 155, ENV S 178"
"Smith, Ikuko",Biology; Psychology,2.5,3,"MCDB 260, MCDB 126B, PSY 162, PSY 163IS, MCDB 223"
"Smith, Kenneth",Writing,5,2.4,"WRIT 50E, WRIT 107T, WRIT 2, WRIT 109ST, WRIT 105SW"
"Smith, Steve",Psychology,5,2,"CNCSP 101, CNCSP 216, CNCSP 210, CNCSP 251"
"Smith, Stuart",Anthropology,3.3,3.3,"ANTH 3, ANTH 203, ANTH 201A, ANTH 199RA"
"Smith, William",Biology,3.1,3.9,"MCDB 1B, MCDB 140L, MCDB 596"
"Solis, Sharon",Computer Science; Statistics,4.9,2.3,"CMPSC 8, CMPSC 5A, PSTAT 8, CMPSC 90DB, CMPSC 90DA"
"Sonnino, Paul",History,2.9,3.5,"HIST 4B, HIST 129C, HIST 129D, HIST 129E, HIST 129A"
"Sorapure, Madeline",Writing,4.6,2.5,"WRIT 155B, WRIT 105M, WRIT 155A, WRIT 28, INT 28"
"Soriano, Kimberly",Feminist Studies,4,1,"FEMST 20, FEMSTW 20, FEMST 151AA"
"Spickard, Paul",History,4.1,3.1,"HIST 2C, HIST 168N, HIST 164IB, HIST 203B, HIST 201RE"
"Sprague, Thomas Tommy",Psychology,4.6,2.8,"PSY 108, PSY 163TS, PSY 221B, PSY 594TS"
"Sprigge, Martha",Music,5,3,"MUS 10A, MUS 119A, MUS 10B, MUS 267, MUS 199"
"Squires, Todd",Chemical Engineering,4.5,3.3,"CH E 180A, CH E 180B, CH E 132B, CH E 126, CH E 132A"
"Sra, Misha",Computer Science,3.8,3,"CMPSC 190I, CMPSC 185, CMPSC 291A, CMPSC 596"
"Stansell, Amanda",Writing,4.5,2.6,"WRIT 50E, WRIT 109ST, WRIT 2E, WRIT 105SW, WRIT 109HP"
"Startz, Richard",Economics,3.5,4.4,"ECON 140A, ECON 145, ECON 241A, ECON 245M, ECON 245B"
"Steavu-Balint, Dominic",Religion; Religious Studies; Ethnic Studies; Languages,4.8,2.5,"EACS 4A, RG ST 4, CHIN 101A, RG ST 48, EACS 47"
"Steigerwald, Doug",Economics,3.8,5,"ECON 140A, ECON 140B, ECON 241B, ECON 245H, ECON 290"
"Stein, Daniel",Theater,5,2,"INT 84CE, THTR 199, THTR 10A, THTR 110C, THTR 10B"
"Steinkellner, Cheri",Film,4.8,1.6,"FAMST 54, FAMST 113PW, FAMST 113SW"
"Stevenson, Vitas",Psychology,4.8,1.6,"CNCSP 215, CNCSP 214, CNCSP 293, CNCSP 262C"
"Stewart, Jeffrey",Fine Arts; Black Studies,4.1,2.7,"ART 1C, BL ST 14, BL ST 1, BL ST 45, BL ST 154"
"Stohl, Cynthia",Communication,4,3.4,"COMM 108, COMM 131, COMM 175GW, COMM 199RA, COMM 253"
"Stohl, Michael",Communication,2.9,3.6,"COMM 153, COMM 137, COMM 130, COMM 160PF"
"Stohler, Jason",Asian American Studies; History,5,2,"AS AM 136, AS AM 100AA, AS AM 110, AS AM 116, AS AM 131"
"Stokes, Leah",Political Science,4.8,3.9,"POL S 15, POL S 106NG, POL S 176, ENV S 176, POL S 295"
"Stoll, Heather",Political Science,3.8,4,"POL S 15, POL S 235, POL S 196, POL S 205, POL S 503"
"Stopple, Jeffrey",Mathematics,4.1,5,"MATH 108A, INT 86, MATH 117, INT 84ZT"
"Strathman, Brent",Political Science,5,5,"POL S 127, POL S 121, POL SW 121, POL S 126, POL S 142"
"Streichan, Sebastian",Physics,4.3,3,"PHYS 104, PHYS 24, PHYS 23, PHYS 250, BMSE 210"
"Strobel, Marcel",Germanic & Russian Studies; Literature; French,4.3,2.5,"GER 1, C LIT 100, GER 55A, GER 116A, FR 154F"
"Strukov, Dmitri",Electrical & Comp. Engineering,4.1,3,"ECE 154A, ECE 10A, ECE 154B, ECE 10AL"
"Stuart, Charles",Economics,2.8,3.9,"ECON 100B, ECON 130"
"Stuart, David",Physics,3.6,3.6,"PHYS 127AL, PHYS 103, INT 94TK, PHYS 150, PHYS 199"
"Su, Jianwen",Computer Science,2.1,3.9,"CMPSC 40, CMPSC 189A, CMPSC 174A, CMPSC 174B, CMPSC 209"
"Sugawara, Hiroko",Languages; East Asian Languages & Cultures,4.5,2,"JAPAN 2, JAPAN 1, JAPAN 6, JAPAN 4"
"Sun, Hala",Writing; Linguistics,1.9,4,"LING 3C, LING 3B, WRIT 2"
"Sun, Yidan",Statistics,3,3.8,"PSTAT 115, PSTAT 134, PSTAT 234"
"Sureau, Eloise",Languages,4.4,3.3,"CHIN 5, CHIN 4, CHIN 6, CHIN 4NH, CHIN 5NH"
"Suri, Subhash",Computer Science,5,2.9,"CMPSC 130A, CMPSC 130B, CMPSC 190A, CMPSC 235, CMPSC 231"
"Susko, Tyler",Mechanical Engineering; Fine Arts,3,3,"ME 189C, ME 10, ME 189B, ME 189A, ME 156A"
"Svadlenak, Nathan",Chemistry,2.6,4.4,"CHEM 1AL, CHEM 150, CHEM 1A, CHEM 1C, CHEM 173A"
"Sweeney, Stuart",Geography,3.1,2.4,"GEOG 20, GEOG 200B, GEOG 210C, GEOG 596"
"Swenson, Julie",Statistics,4.5,3.3,"PSTAT 5A, PSTAT 130"
"Sylvester, Bryanna",Chemistry,4.4,4,"CHEM 1A, CHEM 1B, CHEM 1C"
"Szumlinski, Karen",Psychology,4.5,3.7,"PSY 134, PSY 115, PSY 111L, PSY 215"
"Takatori, Sho",Chemical Engineering,5,4,"CH E 132A, CH E 220A, CH E 220B, CH E 220D"
"Tang, Sui",Mathematics,3.9,3.4,"MATH 104A, MATH 104B, MATH 104C, MATH 260H"
"Tanimoto, Toshiro",Geology,4,1.8,"EARTH 134, EARTH 135, EARTH 255, EARTH 596"
"Tarikere, Ashwin",Mathematics,3.3,4,"MATH 6A, MATH 3A, MATH 117, MATH 108A, MATH 8"
"Taylor, Catherine",Sociology,4,3.8,"SOC W 155, SOC 155, SOC 108, SOC 108A, SOC 240"
"Tazhitdinova, Alisa",Economics,2.5,3.1,"ECON 1, ECON 10A, ECON 230C, ECON 230D, ECON 199"
"Tcharos, Stefanie",Music,4.6,3.1,"INT 137EV, MUS 3A, MUS 10A, MUS 182, MUS 200B"
"Telles, Edward",Sociology,2,3.5,"SOC 124, SOC 139RN, SOC 226, SOC 596"
"Tholl, Andrew",Music,3.7,3.6,"MUS 106B, MUS 101A, MUS 106A, MUS 101B, MUS 101C"
"Thomas, Christian",Writing; Art History,4.8,3,"ARTHI 6A, ARTHIW 6R, WRIT W 6R, WRIT 105M, WRIT 109F"
"Thomas, Christine",Religion; Religious Studies,4.6,2.9,"RG ST 24, RG ST 116A, RG ST 128A, RG ST 116B, RG ST 137"
"Thomas, Cathy",English,3,3.5,"ENGL 192SC, ENGL 107, ENGL 122RC, ENGL 197"
"Thomasson, Kelly",Biology,2.6,3.9,"EEMB 3, EEMB 7, EEMB 120, ENV S 25, EEMB 138"
"Thompson, William",History,4.5,2.5,"HIST 2A, HIST 2B, HIST 101, HIST 140A, HIST 161B"
"Tian, Wenchuan",Mathematics,4.3,3.3,"MATH 6A, MATH 6B, MATH 34A, MATH 3B, MATH 108A"
"Tiffney, Bruce",Geology; Biology,4.6,3.1,"EARTH 111, EEMB 136, EARTH 141, EEMB 136L, EARTH 111L"
"Tinsley, Omise'eke",Black Studies,5,3,"BL ST 7, BL ST 153, BL ST 106, BL ST 125, BL ST 206"
"Tober, Tara",Sociology,4.8,2.3,"SOC 1, SOC 185S, SOC 130SG, SOC 134, SOC 122"
"Tooby, John",Anthropology,3.1,2.6,"ANTH 7, ANTH 121T, ANTH 109, ANTH 234"
"Trugman, Anna",Geography,4,3.1,"GEOG 4, ENV S 167, GEOG 167, GEOG 281, GEOG 288AT"
"Truscelli, Nikki",Communication,4.6,2.7,"COMM 1, COMM 160HC, COMM 160MH, COMM 178, COMM 121"
"Tsai, Danny",Linguistics,3.1,3,"LING 3B, LING 3C, LING 12, LING 10, LING 8"
"Tsai, Geoffrey",Mechanical Engineering,5,2.8,"ME 10, ME 105, ME 129, ME 108, ME 127"
"Tsouna, Voula",Philosophy,3.8,3.1,"PHIL 20A, PHIL 152, PHIL 156, PHIL 297A, PHIL 256G"
"Turner, Thomas L.",Biology,4.3,3.1,"EEMB 131, EEMB 130, EEMB 116, EEMB 595EV"
"Turowetz, Jason",Sociology,4.6,1.8,"SOC 134, SOC 128, SOC 145, SOC 122, SOC 108"
"Twine, France Winddance",Sociology,2.6,3.4,"SOC 118B, SOC 185G, SOC 155T, SOC 255R, SOC 294"
"Tybjerg, Daniel",Literature; French; English,5,1,"C LIT 113, C LIT 101, C LIT 100, ENGL 190CA, C LIT 30C"
"Tyburczy, Jennifer",Feminist Studies,4.9,2.6,"FEMST 150, FEMST 80, FEMST 162, FEMST 151DI, FEMST 133"
"Tyler, Claudia",Biology,4.9,2.1,"ENV S 60, ENV S 100, EEMB 168, ENV SW 60"
"Valentine, Dave",Geology,3.1,3.2,"EARTH 182B, EARTH 270DV, EARTH 182A, EARTH 282A, MARSC 596"
"Valentine, Megan",Mechanical Engineering,3,3,"ME 225MC, ME 146, ME 291A, ME 246"
"Van Koppen, Petra",Chemistry,4.1,3.4,"CHEM 1AL, CHEM 1BL, CHEM 1CL"
"Vanderwarker, Amber",Anthropology,4.6,2.9,"ANTH 133, ANTH 193, ANTH 186, ANTH 197AC, ANTH 162"
"Vazquez-Bare, Gonzalo",Economics,2.3,4.4,"ECON 140A, ECON 241C, ECON 245L, ECON 245I, ECON 290"
"Venegas, Christina",Film,2.4,3.3,"FAMST 96, FAMST 101C, FAMST 187LA, FAMST 242LA, FAMST 101CH"
"Vernon, Ty",Education; Psychology,5,1.6,"CNCSP 190, ED 190, CNCSP 199RA, CNCSP 197, CNCSP 99RA"
"Vigna, Giovanni",Computer Science,3.9,4.2,"CMPSC 189B, CMPSC 279, CMPSC 596, CMPSC 196"
"Vigoda, Eric",Computer Science,5,3.3,"CMPSC 130A, CMPSC 130B, CMPSC 190A, CMPSC 292A, CMPSC 196"
"Villanueva-Nieves, Natalia",Chicano Studies,4.1,2.8,"CH ST 1B, CH ST 180, CH ST 149, CH ST 193, CH ST 197HC"
"Vlcek, Vojtech",Chemistry,2.4,4.1,"CHEM 113B, CHEM 113C, CHEM 196, CHEM 222A, CHEM 115A"
"Vyas, Maharshi",Religion; Religious Studies,4,2.7,"RG ST 162D, RG ST 190NV, RG ST 28, RG ST 11A, RG ST 11B"
"Waid, Candace",English,3.1,3,"ENGL 134NA, ENGL 165EE, ENGL 34NA, ENGL 198H, ENGL 197"
"Wainwright, Brian",Statistics,3.9,4,"PSTAT 109, PSTAT 5LS, PSTAT 120A, PSTAT 10, PSTAT 5A"
"Walker, David",Religion; Religious Studies,4.9,3.4,"RG ST 13, RG ST 7, RG ST 150B, RG ST 190MP, RG ST 251B"
"Walker, Janet",Film,4.3,3,"FAMST 182, FAMST 183, FAMST 189CD, FAMST 252CJ, FAMST 595DD"
"Wallace, Vesna",Religion; Religious Studies,3.4,2.3,"RG ST 193B, RG ST 164C, RG ST 111B, RG ST 206M, RG ST 206F"
"Walsh, Casey",Anthropology,3.2,2.3,"ANTH 2, ANTH 147, ANTH 235A, ANTH 203, ANTH 596"
"Walther, Joe",Communication,4,3.4,"COMM 185, COMM 594CM, INT 200, COMM 199RA"
"Wang, Mian",Education,4,3.5,"ED 176B, ED 222A, ED 228H, ED 228E"
"Wang, Richert",Computer Science,5,4.1,"CMPSC 9, CMPSC 32, CMPSC 190J, CMPSC 24A"
"Wang, Yuan-Fang",Computer Science,2,4,"CMPSC 130B, CMPSC 265, CMPSC 181, CMPSC 165B, CMPSC 291K"
"Wang, William",Computer Science,5,3.5,"CMPSC 165B, CMPSC 190I, CMPSC 291A, CMPSC 596, CMPSC 196"
"Wang, Yu-Xiang",Computer Science,2.9,4.6,"CMPSC 291K, CMPSC 165A, CMPSC 292F, CMPSC 291A, CMPSC 596"
"Ware, Rudolph",History; Black Studies,3.1,3.2,"HIST 49A, HIST 49B, HIST 149IA, HIST 149BF, HIST 149H"
"Warwick, Nicole",Writing,4.8,2.3,"WRIT 2, WRIT 109ED, WRIT 1, WRIT 107B, WRIT 105R"
"Waterbury, Adam",Statistics,3.4,3.2,"PSTAT 160A, PSTAT 160B, PSTAT 5LS"
"Wattles, Miriam",Languages; East Asian Languages & Cultures; Art History,3.2,2.6,"ARTHI 6DW, ARTHI 134H, ARTHI 134J, JAPAN 134H, JAPAN 134J"
"Webb, Marie",Linguistics,2.5,5,"LING 141, LING 139, LING 3C, LING 12, LING 14"
"Webber, Martha",Writing,5,2.9,"WRIT 1, WRIT 105PD, WRIT 2, WRIT 107B, WRIT 107WC"
"Weber, Elisabeth",Germanic & Russian Studies; Literature,4.4,3.1,"C LIT 36, INT 136FC, GER 115C, INT 84AP, GER 190"
"Weber, Rene",Communication; Psychology,3.6,3.3,"COMM 87, COMM 154, COMM 133, COMM 199RA, PSY 594RW"
"Wei, Gufong",Mathematics,2.2,3.6,"MATH 4B, MATH 4A, MATH 147A, MATH 122A, MATH 8"
"Weimbs, Thomas",Biology,3,4,"MCDB 103L, MCDB 235, MCDB 218B, MCDB 199, BMSE 235"
"Weld, David",Physics,4.5,3.6,"PHYS 110B, PHYS 110A, PHYS 115C, PHYS 141, PHYS 250"
"Weld, Sara Pankenier",Literature; Germanic & Russian Studies; Germanic & Russian Studies,4.6,1.8,"C LIT 100, SLAV 35, SLAV 117A, SLAV 117I, INT 84CO"
"Weldeab, Syee",Geology,3.4,2.4,"EARTH 107, EARTH 105, INT 84ZW, EARTH 124I, EARTH 276"
"Welty, Lily Anne Yumi",Asian American Studies,3.4,4.3,"AS AM 4, AS AM 131, AS AM 111, AS AM 100BB"
"Westmacott, Briana",Linguistics,4,3.3,"LING 3C, LING 12, LING 8"
"White, Jeremy",Art History; Fine Arts,4,3.3,"ARTHI 6L, ARTHI 6J, ARTHI 136C, ARTHI 187W, ARTHI 136W"
"Whitehead, Kevin",Sociology,4.9,3.5,"SOC 185E, SOC 136C, SOC 136A"
"Whitestone, Stephenson",Communication,4.4,2,"COMM 128, COMM 127, COMM 126, COMM 89"
"Whittet, Ellen",Writing,4.4,2.4,"WRIT 107M, WRIT 105C, WRIT 105CW, WRIT 109V"
"Wicke, Jennifer",English,4.5,1.5,"ENGL 65FM, ENGL 65LC, ENGL 65WW, ENGL 122FC, ENGL 122LJ"
"Wilkenfeld, Nan",Communication,5,2.6,"COMM W 146, COMM 136, COMM 101"
"Williams, Alison",Writing,4,3,"WRIT 2, WRIT 107P, WRIT 109V, WRIT W 107WC, WRIT 107M"
"Wilson, Brent",Music,4,3,"MUS A 37, MUS A 137, MUS A 36, MUS 120B, MUS A 136"
"Wilson, Greg",Anthropology,3.9,3,"ANTH 143F, ANTH 112Z, ANTH 182M, ANTH 194P, ANTH 201B"
"Muse, Wilson",Biology,4,4,"MCDB 260, MCDB 172, MCDB 194MW, MCDB 596, MCDB 199"
"Wilton, Mike",Biology,5,4,"MCDB 1B, MCDB 1A, MCDB 110, MCDB 92, MCDB 194D"
"Winant, Howard",Sociology,2.5,2.6,"SOC 131, SOC 185S, SOC 216D, SOC 294"
"Winder, Terrell",Sociology,4.6,3,"SOC 144S, SOC 118QC, SOC 108F, SOC 146, SOC 211B"
"Wittman, Richard",Art History,3.9,3.9,"ARTHI 6F, ARTHI 142D, ARTHI 142A, ARTHI 142B, ARTHI 137GA"
"Wohl, Hannah",Sociology,3.6,3.6,"SOC 118CI, SOC 118C, SOC 196H, SOC 196HR, SOC 218C"
"Wolfe, Charles",Film,4.6,3.6,"FAMST 101B, FAMST 187CO, FAMST 187BK, FAMST 187CC, FAMST 230"
"Wolfson, Elliot",Religion; Religious Studies; Germanic & Russian Studies,2.8,4.3,"RG ST 26, RG ST 27, RG ST 132A, RG ST 132C, RG ST 132B"
"Wolski, Rich",Computer Science,4.8,4,"CMPSC 170, CMPSC 293B, CMPSC 270"
"Woods, Vanessa",Psychology,3.6,3.8,"PSY 10A, PSY 111, PSY W 1, PSY 120L, PSY 109"
"Wooten, Terrance",Black Studies,5,3.5,"BL ST 1, BL ST 133, BL ST 180, BL ST 190B, BL ST 190BH"
"Wuebben, Daniel",Writing,4.8,1.9,"WRIT 2, WRIT 109ST, WRIT 105M, WRIT 105R"
"Wyss, Andre",Geology,3.8,3.4,"EARTH 7, EARTH 149, EARTH 148, EARTH 596, EARTH 199RA"
"XU, Cenke",Physics,3.5,4.1,"PHYS 21, PHYS 215A, PHYS 123B"
"Yamamoto, Naoki",Film,3,3.5,"FAMST 192FT, FAMST 122JA, FAMST 187MF, INT 136FL, FAMST 155RW"
"Yamboliev, Kali",Writing; History,2.8,4,"WRIT 107P, WRIT 2, HIST 115B, WRIT 1, WRIT 50"
"Yan, Lingqi",Computer Science,2.8,3.9,"CMPSC 180, CMPSC 190I, CMPSC 280, CMPSC 292F, CMPSC 291A"
"Yan, Xifeng",Computer Science,3.5,2.7,"CMPSC 165B, CMPSC 165A, CMPSC 291K, CMPSC 291A, CMPSC 596"
"Yang, Henry",Mechanical Engineering,5,1,"ME 167, ME W 167"
"Yang, Tao",Computer Science,2.9,3.6,"CMPSC 170, CMPSC 140, CMPSC 293S, CMPSC 596"
"Yang, XU",Mathematics; Mechanical Engineering,2.9,3.5,"MATH 3B, MATH 4B, MATH 104B, MATH 104C, MATH 104A"
"Yaqub, Salim",History,5,3.3,"HIST 17C, HIST 171D, HIST 171ME, HIST 171C, HIST 171R"
"Yasuda, Kim",Fine Arts,3.6,3,"INT 84CF, ART 133M, INT 136PA, ART 12, ART 106PP"
"Ye, Rick",Mathematics,2.4,3.5,"MATH 4A, MATH 3A, MATH 147A, MATH 117, MATH 108B"
"Yeung, Enoch",Mechanical Engineering,4.6,3.5,"ME 155A, ME 107, ME 125EY, ME 125ML, ME 225ML"
"Hwang, Yoon",Music,4.5,3.5,"MUS 8, MUS 88"
"Young, Andrea",Physics,2.5,4.6,"PHYS 22, PHYS 115A, PHYS 115B, PHYS 199"
"Young, Hillary",Biology; Biology,2.8,3.8,"EEMB 120, EEMB 113, EEMB 113L, EEMB 596, EEMB 199"
"Young, Kay",English,4.8,3.5,"ENGL 170MT, ENGL 151JA, ENGL 197, ENGL 233, ENGL 195I"
"Yu, Guo",Statistics,3.1,3.9,"PSTAT 126, PSTAT 131, PSTAT 232, PSTAT 262DS, PSTAT 231"
"Yu, Hongbo",Psychology,3.5,3.9,"PSY 102, PSY 139, PSY 153"
"Yuksel, Sevgi",Economics,2.4,4,"ECON 100B, ECON 210B, ECON 278C, ECON 290"
"Zackrison, Eric",Business; Communication,3.3,3.4,"COMM 120, TMP 120, TMP 452A, TMP 452B, TMP 452C"
"Zakarian, Armen",Chemistry,4.5,2.9,"CHEM 109C, CHEM 233, CHEM 133, CHEM 596, CHEM 239AA"
"Zanger, Daniel",Statistics,1.6,3.1,"PSTAT 126, PSTAT 160A"
"Zarate, Adanari",Chicano Studies; Black Studies; Asian American Studies,5,2,"CH ST 138, AS AM 101C, CH ST 133, BL ST 101C, CH ST 101C"
"Zee, Anthony",Physics,2.5,3.1,"PHYS 120, PHYS 150"
"Zhang, Liming",Chemistry,2.1,4.3,"CHEM 109C, CHEM 109AH, CHEM 163, CHEM 232, CHEM 263"
"Zhang, Yitang",Mathematics,4.5,2.6,"MATH 108A, MATH 108B, MATH 115A, MATH 8, MATH 115B"
"Zhang, Zheng",Electrical & Comp. Engineering,3.9,3.5,"ECE 15A, ECE 273, ECE 594BB, ECE 194BB, ECE 196"
"Zhao, Xiaolei",Mathematics,5,3.5,"MATH 111A, MATH 122B, MATH 237A, MATH 220B, MATH 237C"
"Zheng, Xiaowei",History; Ethnic Studies; Languages,4.8,3.6,"EACS 4B, EACS 80, HIST 80, HIST 185B, CHIN 185B"
"Zhou, Hanming",Mathematics,3.5,2.2,"MATH 118A, MATH 118B, MATH 8, MATH 118C, MATH 201C"
"Zhu, Zimu",Statistics,3.3,3.9,"PSTAT 120A, PSTAT 160A, PSTAT 160B, PSTAT 170"
"Zimman, Lal",Linguistics,4.8,3,"LING 132, LING 131, LING 144, LING 230, LING 232"
"Zimmerman, Aaron",Philosophy,4.1,3.1,"PHIL 4, PHIL 100D, PHIL 100B, PHIL 134, PHIL 176"
"Zipperstein, Steven",History,5,2.4,"HIST 166LB, HIST 142AL, HIST 165S, HIST 108LT"
"Ziserman, Pauline",French,4.7,2.7,"FR 5, FR 2, FR 4, FR 3"
"Zulueta, Benjamin",Asian American Studies,3.5,3.8,"AS AM 1, AS AM 2, AS AM 100HH, AS AM 133, AS AM 137"
"Zylstra, Stephen",Philosophy,4.1,3,"PHIL 4, PHIL 20B, PHIL 161, PHIL 131, PHIL 160"